term	id	nGeneIds	geneSetFdaCountsById.nodes	geneSetHash	pvalue	FDR	oddsRatio	nOverlap	Cell_Line	DrugBank_Name	DrugBank_ID
RAD001_HCC515_6H_H16_camptothecin_1.11uM down	f6438e32-5f56-452e-8fce-86a581f292f6	250	[{'approved': False, 'count': 1210}]	be474992-3f27-5b7c-b555-0afc858383eb	3.7054303692742847e-44	6.216989600720241e-38	2.4445193678339012	174	6H	camptothecin	DB04690
RAD001_HCC515_6H_H14_camptothecin_10uM down	1c62885e-1672-41e9-86a0-d0eb3c2965ca	250	[{'approved': False, 'count': 1210}]	6e28c5c2-38dd-579d-b186-7c4e97b16d16	9.076575885487165e-42	7.614362201774897e-36	2.4023724821815926	171	6H	camptothecin	DB04690
CEGS002_HIMG001_24H_H22_topotecan_3.33uM down	895675bb-dea1-4784-a141-e4d00c54bee8	250	[{'approved': True, 'count': 310}]	108e3496-ee2b-5035-bac2-19027536a19d	5.463509714043548e-41	3.055567971923612e-35	2.38832352029749	170	24H	topotecan	DB01030
CEGS002_HIMG001_24H_H20_topotecan_12.5uM down	75eb0de7-555d-47f3-9837-296ce93e92e3	250	[{'approved': True, 'count': 310}]	2ce102cf-b8b9-5f8b-9f13-de918dc9b045	3.226313483487989e-40	1.3532812235408913e-34	2.3742745584133873	169	24H	topotecan	DB01030
CEGS002_HIMG002_24H_H22_topotecan_3.33uM down	6b83b8bf-9db2-4a60-a31c-a5452b2d94f9	250	[{'approved': True, 'count': 310}]	b0635cc2-8361-5dce-a690-542e5c093fce	9.210494322486547e-36	2.2076304895342202e-30	2.2899807871087696	163	24H	topotecan	DB01030
RAD001_HCC515_6H_H15_camptothecin_3.33uM down	47d7618c-fba9-42e9-b71d-f9f446e3cac1	250	[{'approved': False, 'count': 1210}]	b16b5d8c-d32d-5602-844d-25ca331c41f9	9.210494322486547e-36	2.2076304895342202e-30	2.2899807871087696	163	6H	camptothecin	DB04690
PAC019_U2OS_6H_G03_valproic-acid_20uM up	78f0c61d-ba8a-43ff-9a67-bb69b6c99e02	250	[{'approved': True, 'count': 1088}]	cfae34b6-d8a3-5d11-8e81-bf1468f4f441	5.947000893774789e-33	7.675313718907546e-28	2.233784939572358	159	6H	valproic-acid	DB00313
FIBR027_MCLF130CN_6H_A18_BI-2536_0.08uM up	070638cb-da81-4848-b7d0-68be12939011	250	[{'approved': False, 'count': 2156}]	d3979868-1524-5e97-83bd-b26907b06bc8	2.8770251783912334e-30	2.6817151274615016e-25	2.177589092035947	155	6H	BI-2536	DB16107
ASG003_U2OS_6H_H19_camptothecin_10uM down	43d2a117-494d-468d-9965-521d2c43ba80	250	[{'approved': False, 'count': 1210}]	9916bbca-9af3-5157-b520-6ee01ea2897b	1.2905413533559695e-29	1.0310841596987678e-24	2.1635401301518438	154	6H	camptothecin	DB04690
TAA001_SKNSH_24H_I19_withaferin-a_10uM down	4fe137b3-c6a2-4830-a967-b707934dcc46	250	[{'approved': False, 'count': 1816}]	ed94b15c-0341-516f-94cb-86e6fd19d4d0	5.687598470064325e-29	3.8170724604265106e-24	2.149491168267741	153	24H	withaferin-a	DB14450
CEGS002_HIMG001_24H_H21_topotecan_6.66uM down	28e4ff2a-6c23-4cc2-b26b-65d985c5162b	250	[{'approved': True, 'count': 310}]	ac1e352c-f953-5ced-a45f-f17ed7677bbe	5.687598470064325e-29	3.8170724604265106e-24	2.149491168267741	153	24H	topotecan	DB01030
FIBR012_MCLF015CN_6H_M16_PF-3845_4uM down	773a2255-1198-4945-be81-a692c16b24ba	250	[{'approved': False, 'count': 212}]	fc5a7886-ef52-5948-9234-984b0f7f76e4	5.687598470064325e-29	3.8170724604265106e-24	2.149491168267741	153	6H	PF-3845	DB12949
PBIOA022_HCC515_24H_D19_topotecan_10uM down	d85b13a3-897c-422c-adea-f9aae2b0677f	250	[{'approved': True, 'count': 310}]	bd19ff0a-93fa-563c-8157-8b4b34f736ab	5.687598470064325e-29	3.8170724604265106e-24	2.149491168267741	153	24H	topotecan	DB01030
ASG003_A549_6H_H19_camptothecin_10uM down	0f4ad4d5-0190-4f06-9298-30282cda8275	250	[{'approved': False, 'count': 1210}]	f546d739-7984-5f3b-b85a-f9736e4f998c	1.0479577864813763e-27	5.671834883701244e-23	2.121393244499535	151	6H	camptothecin	DB04690
RAD001_HCC515_6H_H17_camptothecin_0.37uM down	55566f6d-815e-43d9-a21b-90b5e9dcc842	250	[{'approved': False, 'count': 1210}]	972095a3-2c86-51bb-a47a-affbfe4a6162	1.0479577864813763e-27	5.671834883701244e-23	2.121393244499535	151	6H	camptothecin	DB04690
ASG003_MCF7_6H_H19_camptothecin_10uM down	7a1a6a48-cec2-4d71-bb63-cbcedf526c12	250	[{'approved': False, 'count': 1210}]	cdef1f75-8f93-539d-861c-87a270e1c135	4.38183636334696e-27	2.100533417030099e-22	2.1073442826154323	150	6H	camptothecin	DB04690
ASG003_XC.P914_24H_H19_camptothecin_10uM down	b14c998f-cea5-40d8-8348-b9d5f328b952	250	[{'approved': False, 'count': 1210}]	8f310863-3795-5ceb-a5a9-3c55af6d28d8	1.8005547470103845e-26	7.746101941814764e-22	2.0932953207313294	149	24H	camptothecin	DB04690
CEGS002_HIMG001_24H_H24_topotecan_0.74uM down	1a7effde-39ee-4abb-afa4-d0dddd3113ac	250	[{'approved': True, 'count': 310}]	ee773c97-61cd-5208-8245-be52548d9759	1.8005547470103845e-26	7.746101941814764e-22	2.0932953207313294	149	24H	topotecan	DB01030
DPK.CP003_PC3_24H_P04_RITA_10uM down	47815621-1242-4001-9d16-92366a3b1c60	250	[{'approved': True, 'count': 910}]	92ee6bd8-a604-52dd-8c1f-f989b97f18fa	1.8005547470103845e-26	7.746101941814764e-22	2.0932953207313294	149	24H	RITA	DB04911
KTOX002_HPTEC_6H_H10_camptothecin_1.11uM down	613625f7-ac3e-42ec-bfb0-02a4db359d1c	250	[{'approved': False, 'count': 1210}]	30e74ee8-b1bf-558b-9870-f51be9446baa	2.886139458927459e-25	8.967368916455156e-21	2.0651973969631237	147	6H	camptothecin	DB04690
PAC019_U2OS_6H_I05_troglitazone_20uM up	f4f80da4-73f2-4f6c-adf6-209e009a81c9	250	[{'approved': True, 'count': 2184}]	5b61bfbd-9763-58ce-a3cd-342381bac5a2	2.886139458927459e-25	8.967368916455156e-21	2.0651973969631237	147	6H	troglitazone	DB00197
ERG005_VCAP_6H_C03_withaferin-a_20uM down	0617ae5e-6c4e-452e-95ec-2d553aaf6df3	250	[{'approved': False, 'count': 1816}]	2f4c1121-f3dd-5652-9963-ee0b4af57954	2.886139458927459e-25	8.967368916455156e-21	2.0651973969631237	147	6H	withaferin-a	DB14450
CEGS002_HIMG002_24H_H23_topotecan_1.67uM down	57a641fc-ef6f-442e-97ba-28dab96799b8	250	[{'approved': True, 'count': 310}]	975eaed4-a7b1-59b2-882b-8dcd0e749bf2	1.1259630760697595e-24	2.951791373195661e-20	2.051148435079021	146	24H	topotecan	DB01030
NMH002_NEU_24H_L09_plumbagin_10uM down	0b1cf67c-38c2-48cd-a23b-f2b2f6810a7a	250	[{'approved': False, 'count': 12}]	41f26ea2-0ff4-5a5d-9d34-068c2bfa9387	1.1259630760697595e-24	2.951791373195661e-20	2.051148435079021	146	24H	plumbagin	DB10560
ASG003_XC.P915_24H_F17_idarubicin_1.11uM down	9bffe9f2-bea4-4549-a319-a04e3b40df41	250	[{'approved': True, 'count': 758}]	63a25a60-abf1-53fd-8897-ddcc282c95cb	1.1259630760697595e-24	2.951791373195661e-20	2.051148435079021	146	24H	idarubicin	DB01177
FIBR019_MCLF135CN_6H_L18_RG-108_4uM up	c03301c2-bc01-4b6a-8906-ebf76f37a2f5	250	[{'approved': False, 'count': 738}]	bd6442d9-42b5-5c8b-ad54-f037a59e87a0	4.3177838571405534e-24	9.789728843823927e-20	2.037099473194918	145	6H	RG-108	DB05545
CEGS002_HIMG001_24H_H23_topotecan_1.67uM down	d8a019d4-4beb-4289-8405-5c80cb8b4e43	250	[{'approved': True, 'count': 310}]	a46a38e1-a2dd-556e-ac3d-0d362d69ccf0	1.62760156890955e-23	3.212703588616809e-19	2.023050511310815	144	24H	topotecan	DB01030
CEGS002_HIMG002_24H_H20_topotecan_12.5uM down	782f41e3-36b8-4774-8732-e365ece97870	250	[{'approved': True, 'count': 310}]	99647be6-4081-5af0-8b0b-16dfe1963702	1.62760156890955e-23	3.212703588616809e-19	2.023050511310815	144	24H	topotecan	DB01030
CPD001_PC3_24H_H21_camptothecin_10uM down	930a2206-3df7-475c-85b1-2e4bb91d6bc1	250	[{'approved': False, 'count': 1210}]	2e2e7f90-4fef-5f10-ac62-bad85b47260c	6.031222310184618e-23	1.0651805208567688e-18	2.009001549426712	143	24H	camptothecin	DB04690
ASG003_U2OS_6H_H20_camptothecin_1.11uM down	10a07d1e-955a-47b3-aa96-87a3c6c7ddbb	250	[{'approved': False, 'count': 1210}]	2c98d49a-1cdf-541c-8746-b29b5ad8cd38	6.031222310184618e-23	1.0651805208567688e-18	2.009001549426712	143	6H	camptothecin	DB04690
FIBR040_MCLF056CN_6H_O21_risperidone_4uM down	c402bc2a-2cb7-444c-8245-11fb376037ab	250	[{'approved': True, 'count': 550}]	bb201e5e-bb22-5a74-a34b-acbdbbef9175	6.031222310184618e-23	1.0651805208567688e-18	2.009001549426712	143	6H	risperidone	DB00734
CEGS001_NPC.179_24H_H19_topotecan_25uM down	4059d42a-7ad9-4376-9d91-6250157949f8	250	[{'approved': True, 'count': 310}]	0fffd986-3896-5a45-a057-3e6d8a84fbe5	6.031222310184618e-23	1.0651805208567688e-18	2.009001549426712	143	24H	topotecan	DB01030
REP.A013_HELA_24H_D07_camptothecin_10uM down	962574a7-4d82-4389-9873-5992438f92e3	250	[{'approved': False, 'count': 1210}]	44d9c4fa-94df-58a2-9b32-a9ab3419c640	6.031222310184618e-23	1.0651805208567688e-18	2.009001549426712	143	24H	camptothecin	DB04690
FIBR011_MCLF015CN_6H_J03_zileuton_4uM up	fef12b49-ecaf-4717-b0ff-1b9fca0c4c2b	250	[{'approved': True, 'count': 400}]	2f0f1ad9-395c-591a-a533-29c183378d32	6.031222310184618e-23	1.0651805208567688e-18	2.009001549426712	143	6H	zileuton	DB00744
ASG003_A549_24H_F17_idarubicin_1.11uM down	0970205f-cdb6-4df0-998a-e2fbb83504a3	250	[{'approved': True, 'count': 758}]	87d87b05-6f05-5e12-af4f-acff0d04cabc	2.197107241903325e-22	3.510778586668198e-18	1.9949525875426093	142	24H	idarubicin	DB01177
ASG003_XC.P930_24H_H21_camptothecin_0.12uM down	1a3f9071-d55f-408f-8d35-755e4f6ec317	250	[{'approved': False, 'count': 1210}]	286ff8d8-7edc-5977-9db3-45e28d9bdf2e	2.197107241903325e-22	3.510778586668198e-18	1.9949525875426093	142	24H	camptothecin	DB04690
FIBR024_MCLF126CN_6H_P06_EX-527_4uM up	f60ad656-b87a-435c-9ffd-5b305f3efc07	250	[{'approved': False, 'count': 1116}]	888eaa2c-e47e-5d13-aed4-6b3603032dee	2.197107241903325e-22	3.510778586668198e-18	1.9949525875426093	142	6H	EX-527	DB05879
ASG003_XC.P091_24H_H19_camptothecin_10uM down	3848e519-bcb1-4b90-9e3c-ef9711bda69a	250	[{'approved': False, 'count': 1210}]	21b2c41d-74e4-5c8d-8a2d-6836e6c2ab85	7.868710778834175e-22	1.1283899391693907e-17	1.9809036256585062	141	24H	camptothecin	DB04690
FIBR005_MCLF033SZ_6H_J18_ramelteon_4uM up	3c8af8a9-90d8-4351-8f75-4d92b4924645	250	[{'approved': True, 'count': 300}]	d5a36c99-fa09-5772-a005-6753e9bb6729	7.868710778834175e-22	1.1283899391693907e-17	1.9809036256585062	141	6H	ramelteon	DB00980
LJP006_SKBR3_24H_G13_withaferin-a_10uM down	daa8f93d-86a5-4b25-92c1-bf3438684e05	250	[{'approved': False, 'count': 1816}]	5f114011-9488-511a-8ffe-19ff4b90bb0d	7.868710778834175e-22	1.1283899391693907e-17	1.9809036256585062	141	24H	withaferin-a	DB14450
DOSVAL005_HA1E_24H_O05_withaferin-a_10uM down	04dea454-7b06-4128-ab73-7b8c405a711c	250	[{'approved': False, 'count': 1816}]	6da0bf58-6966-5b24-abfc-969b2041f937	2.7706338910599148e-21	3.3204167111355575e-17	1.9668546637744035	140	24H	withaferin-a	DB14450
PBIOA022_HEPG2_24H_G16_withaferin-a_10uM down	356f4f17-f721-45af-966b-0faf521d0030	250	[{'approved': False, 'count': 1816}]	199f31f8-6ff4-54a0-bb3b-7469c704226b	2.7706338910599148e-21	3.3204167111355575e-17	1.9668546637744035	140	24H	withaferin-a	DB14450
CPC006_AGS_6H_L23_SN-38_0.37uM down	ecaecfde-57bd-4849-afa9-7a40d85385bf	250	[{'approved': False, 'count': 518}]	ce52936d-be69-52c8-a4ba-37f905af2df5	2.7706338910599148e-21	3.3204167111355575e-17	1.9668546637744035	140	6H	SN-38	DB02515
FIBR011_MCLF015CN_6H_C04_SN-38_0.04uM down	ed7fd16c-2742-4e9b-89fb-af2f6852b3c8	250	[{'approved': False, 'count': 518}]	0ab47954-970d-5ed6-aa96-32427d7be803	2.7706338910599148e-21	3.3204167111355575e-17	1.9668546637744035	140	6H	SN-38	DB02515
ASG003_XC.P935_24H_H19_camptothecin_10uM down	a66be985-a8b4-424a-87ea-c3831c673706	250	[{'approved': False, 'count': 1210}]	acd18b8d-9486-51d4-a9ac-cbef7eacbd9e	2.7706338910599148e-21	3.3204167111355575e-17	1.9668546637744035	140	24H	camptothecin	DB04690
RAD001_A549_6H_H15_camptothecin_3.33uM down	f73ea0af-1f18-4359-a9b8-1a8864167ad1	250	[{'approved': False, 'count': 1210}]	4421e12f-5f1b-596e-8fb6-b3fdbb8422c2	2.7706338910599148e-21	3.3204167111355575e-17	1.9668546637744035	140	6H	camptothecin	DB04690
HOG003_A549_24H_K16_idarubicin_1.11uM down	c181cba3-8685-41ef-a072-af647d603df8	250	[{'approved': True, 'count': 758}]	ae578091-fce2-5a4a-bae2-f6930516c6f7	9.59166212647596e-21	9.872968511725151e-17	1.9528057018903007	139	24H	idarubicin	DB01177
LCP001_MCF10A.KRAS.HG_24H_I04_camptothecin_10uM down	4d299007-c724-4c2e-bffd-dc10b011e329	250	[{'approved': False, 'count': 1210}]	05452a3c-74e0-513b-93e5-618c7dec0b75	9.59166212647596e-21	9.872968511725151e-17	1.9528057018903007	139	24H	camptothecin	DB04690
ASG003_A549_6H_H20_camptothecin_1.11uM down	dd74321e-38f5-41ef-94b2-a795d8a86c21	250	[{'approved': False, 'count': 1210}]	28862920-f748-5a16-9a87-c160cd068589	9.59166212647596e-21	9.872968511725151e-17	1.9528057018903007	139	6H	camptothecin	DB04690
CEGS002_HIMG002_24H_H21_topotecan_6.66uM down	3e32fd15-42e3-4be3-88c4-2c499b4b6c1e	250	[{'approved': True, 'count': 310}]	8d274396-030b-591b-95f5-1bbb7249943e	9.59166212647596e-21	9.872968511725151e-17	1.9528057018903007	139	24H	topotecan	DB01030
FIBR005_MCLF033SZ_6H_B07_pemetrexed_0.74uM up	0fb0a00e-8b8d-4f4b-9180-a4051df16c79	250	[{'approved': True, 'count': 264}]	6d9524e6-8f8b-55aa-a2dc-7b4eeb6902ea	9.59166212647596e-21	9.872968511725151e-17	1.9528057018903007	139	6H	pemetrexed	DB00642
REP.B005_A375_24H_A16_galeterone_0.08uM up	087d60eb-11e0-47ae-ba6a-0cb500a6b58e	250	[{'approved': False, 'count': 240}]	8a5129ad-0064-5d1f-824e-e9c8240c2d44	9.59166212647596e-21	9.872968511725151e-17	1.9528057018903007	139	24H	galeterone	DB12415
RAD001_MCF7_6H_H15_camptothecin_3.33uM down	5228436f-aa43-42a9-9065-c341533ba3c6	250	[{'approved': False, 'count': 1210}]	c0c43fa5-08d5-51c3-b503-1d1bd278170d	9.59166212647596e-21	9.872968511725151e-17	1.9528057018903007	139	6H	camptothecin	DB04690
KTOX002_HPTEC_6H_H08_camptothecin_3.33uM down	ebd62bb9-d99c-4580-9abe-09e28fcb1711	250	[{'approved': False, 'count': 1210}]	91767947-f3b5-5f84-8b1f-cf7d94798e3d	9.59166212647596e-21	9.872968511725151e-17	1.9528057018903007	139	6H	camptothecin	DB04690
REP.A013_HELA_24H_D08_camptothecin_3.33uM down	0b01acdb-02dd-4dea-8dd0-7c2bc342204c	250	[{'approved': False, 'count': 1210}]	a8a242c3-c894-5b1b-81d0-e9cb9fe98c47	9.59166212647596e-21	9.872968511725151e-17	1.9528057018903007	139	24H	camptothecin	DB04690
FIBR009_MCLF123SZ_6H_K05_prednisone_4uM up	28cbf677-e64e-4117-98c3-c519e58b02d8	250	[{'approved': True, 'count': 474}]	ddcbf1c1-9dc2-53b4-b7fa-721e862d6ed1	9.59166212647596e-21	9.872968511725151e-17	1.9528057018903007	139	6H	prednisone	DB00635
FIBR005_MCLF033SZ_6H_K06_linoleic-acid_40uM down	0a08905e-dceb-4fc8-b543-f214cfec1337	250	[{'approved': False, 'count': 114}]	6aaaf83c-51f7-531a-b774-95fbba1f7e34	9.59166212647596e-21	9.872968511725151e-17	1.9528057018903007	139	6H	linoleic-acid	DB14104
CPC014_HCC515_6H_P21_celastrol_10uM down	81683c3f-1184-4c12-9708-6748d9cc5d31	250	[{'approved': False, 'count': 392}]	9cf531b6-eb1a-59aa-8d2b-902fdc58fabc	9.59166212647596e-21	9.872968511725151e-17	1.9528057018903007	139	6H	celastrol	DB04573
LCP001_MCF10A.WT_6H_I06_camptothecin_1.11uM down	a31aa3e7-73c9-438a-bb9c-046af462d679	250	[{'approved': False, 'count': 1210}]	f08c3234-bc89-5471-b9a3-bfe83aad440c	3.264847039168156e-20	3.094789088447191e-16	1.9387567400061976	138	6H	camptothecin	DB04690
LCP001_MCF10A.WT_6H_M20_topotecan_3.33uM down	42bc324a-d345-4867-ada5-af0f022b22ba	250	[{'approved': True, 'count': 310}]	1311b415-87a1-5290-be8a-f7069be1725d	3.264847039168156e-20	3.094789088447191e-16	1.9387567400061976	138	6H	topotecan	DB01030
REP.A008_HELA_24H_O13_SN-38_10uM down	7dc52181-7c5a-40d5-86c2-aa4168a055d0	250	[{'approved': False, 'count': 518}]	9de44ac1-acc1-5fe5-9a68-15240716e922	3.264847039168156e-20	3.094789088447191e-16	1.9387567400061976	138	24H	SN-38	DB02515
ERG011_VCAP_6H_F22_camptothecin_2.22uM down	cec06c97-249b-4923-a49b-29be992b49b6	250	[{'approved': False, 'count': 1210}]	43662d64-0946-5f06-93c1-ef0e61c57d18	3.264847039168156e-20	3.094789088447191e-16	1.9387567400061976	138	6H	camptothecin	DB04690
ASG002_BC3C_24H_P20_idarubicin_1.11uM down	ac0bd73e-46aa-45ae-bbbb-c904bb5af39f	250	[{'approved': True, 'count': 758}]	37f23942-7ff5-582e-9457-d23558da5eba	3.264847039168156e-20	3.094789088447191e-16	1.9387567400061976	138	24H	idarubicin	DB01177
FIBR010_MCLF123SZ_6H_C04_SN-38_0.04uM down	4c388a2e-8846-4657-9fc1-082ee0999ba0	250	[{'approved': False, 'count': 518}]	9ffcca5b-e6ec-597a-aa3f-ca13eb088768	3.264847039168156e-20	3.094789088447191e-16	1.9387567400061976	138	6H	SN-38	DB02515
FIBR023_MCLF126CN_6H_L02_PRIMA1_4uM up	a1bcc3b0-182b-458f-a0f1-a0f32a0d1992	250	[{'approved': False, 'count': 218}]	af817f5f-7538-5ad9-b3e9-e34758ca4aec	3.264847039168156e-20	3.094789088447191e-16	1.9387567400061976	138	6H	PRIMA1	DB01087
ERG005_VCAP_6H_K04_alvespimycin_20uM down	834bf4c0-2b06-4346-97c0-9fb2a4abc1dc	250	[{'approved': False, 'count': 406}]	92e01120-c755-5906-88f4-10be30f8421e	1.0926982696532388e-19	8.943095708856352e-16	1.924707778122095	137	6H	alvespimycin	DB12442
DOSVAL005_HA1E_24H_O06_withaferin-a_4uM down	9dad89f9-11bb-4af4-bb3d-bbc85e9657d4	250	[{'approved': False, 'count': 1816}]	513d34fa-11a7-57be-b09e-c073973317d1	1.0926982696532388e-19	8.943095708856352e-16	1.924707778122095	137	24H	withaferin-a	DB14450
CPC006_SNU1040_6H_L23_SN-38_0.37uM down	fc70cd9c-a2d4-4b62-ab70-9d201eae741e	250	[{'approved': False, 'count': 518}]	12b71e88-aa5d-56b8-a840-43b9ff4436e1	1.0926982696532388e-19	8.943095708856352e-16	1.924707778122095	137	6H	SN-38	DB02515
RAD001_A549_6H_H17_camptothecin_0.37uM down	71819d69-9cd6-4c8d-b9b8-a3cdcbe3bb6c	250	[{'approved': False, 'count': 1210}]	a93d891a-efb1-588b-8cf3-2ae53a7f7b82	1.0926982696532388e-19	8.943095708856352e-16	1.924707778122095	137	6H	camptothecin	DB04690
LCP001_MCF10A.PIK3CA.HH_24H_I05_camptothecin_3.33uM down	74992755-beb3-458f-a5f9-9ff54d8fd6df	250	[{'approved': False, 'count': 1210}]	b00fefcf-3291-5c9d-bc54-edebb6132e6c	1.0926982696532388e-19	8.943095708856352e-16	1.924707778122095	137	24H	camptothecin	DB04690
TSAI002_NPC-3_XH_B22_geldanamycin_10uM down	f4c3b44d-04a6-4a53-82f8-40a488f11da4	250	[{'approved': False, 'count': 3068}]	25c5f2d3-e2a3-5e03-9bdb-a3a49ae48fe9	1.0926982696532388e-19	8.943095708856352e-16	1.924707778122095	137	XH	geldanamycin	DB02424
DOSVAL004_HEPG2_24H_O05_withaferin-a_10uM down	f9ab135f-0c90-49db-a249-0cb7f67ab1cf	250	[{'approved': False, 'count': 1816}]	85165530-73fc-5b89-b90a-6ad84dd29f4d	1.0926982696532388e-19	8.943095708856352e-16	1.924707778122095	137	24H	withaferin-a	DB14450
FIBR005_MCLF033SZ_6H_A10_triacsin-c_4uM up	285faed1-9069-4815-b7a1-f1d294a761ee	250	[{'approved': False, 'count': 200}]	14baef72-a7d3-5d1e-8f02-7f790c1dc7fe	1.0926982696532388e-19	8.943095708856352e-16	1.924707778122095	137	6H	triacsin-c	DB15111
FIBR012_MCLF015CN_6H_F19_sildenafil_4uM down	f6010f38-b518-42d9-b024-679f18868fc8	250	[{'approved': True, 'count': 794}]	507efc2e-fc64-5e82-867f-5a0aab328b99	1.0926982696532388e-19	8.943095708856352e-16	1.924707778122095	137	6H	sildenafil	DB00203
DOSVAL002_HEPG2_24H_O05_withaferin-a_10uM down	957899be-4cc9-457e-8824-44ef05df9faf	250	[{'approved': False, 'count': 1816}]	fec7a621-1915-5041-8b43-b30bb5733d76	3.5959984214818334e-19	2.646221110330845e-15	1.910658816237992	136	24H	withaferin-a	DB14450
ASG003_XC.P091_24H_F17_idarubicin_1.11uM down	1c727806-091a-482c-9399-e6bd8d531206	250	[{'approved': True, 'count': 758}]	82ba6210-7dcf-5a9f-adfc-8b9f28aa89f3	3.5959984214818334e-19	2.646221110330845e-15	1.910658816237992	136	24H	idarubicin	DB01177
CPC014_NEU_24H_F02_BCI-hydrochloride_10uM down	10d95b32-c167-4f59-be7b-5a2b0a96df4e	250	[{'approved': False, 'count': 68}]	e54f2193-b7f0-548b-87bb-527a5ead7268	3.5959984214818334e-19	2.646221110330845e-15	1.910658816237992	136	24H	BCI-hydrochloride	DB16619
FIBR041_MCLF0067SZ_6H_J23_nifedipine_4uM down	7efd1fc0-19a4-4c10-b252-a023cdcb4c3f	250	[{'approved': True, 'count': 552}]	9ec01a1b-b0c8-5ec6-a065-dce3c9d441e0	3.5959984214818334e-19	2.646221110330845e-15	1.910658816237992	136	6H	nifedipine	DB01115
FIBR037_MCLF035SZ_6H_A08_importazole_4uM down	c3146e01-f681-4572-8ddb-9285be10b521	250	[{'approved': False, 'count': 386}]	7483056d-82d2-5b79-8194-93aa9ab3db78	3.5959984214818334e-19	2.646221110330845e-15	1.910658816237992	136	6H	importazole	DB12172
RAD001_A549_6H_H16_camptothecin_1.11uM down	cfd5ab54-5b6e-4b8c-9efc-953f6d5397a4	250	[{'approved': False, 'count': 1210}]	390ecf32-156e-5d68-939d-7aacad0010f2	3.5959984214818334e-19	2.646221110330845e-15	1.910658816237992	136	6H	camptothecin	DB04690
FIBR005_MCLF033SZ_6H_B05_thalidomide_10uM up	52802d31-31f8-47fc-8a88-8df9da346c36	250	[{'approved': True, 'count': 850}]	a55b3b0d-4f6a-5b65-894e-cc778545940d	3.5959984214818334e-19	2.646221110330845e-15	1.910658816237992	136	6H	thalidomide	DB01041
DOS017_VCAP_6H_C16_withaferin-a_10uM down	2a2d7f0e-6520-45a5-b02e-cfd5542bec84	250	[{'approved': False, 'count': 1816}]	5a300987-0d5d-5e39-ad76-1dac38bdbae0	3.5959984214818334e-19	2.646221110330845e-15	1.910658816237992	136	6H	withaferin-a	DB14450
CPC016_A549_6H_O10_camptothecin_10uM down	2ed706d8-5901-4270-b550-e815dcf5a0a5	250	[{'approved': False, 'count': 1210}]	f27d8650-c140-5122-8062-fb5d6a675785	1.1636787286895601e-18	7.904558661493876e-15	1.896609854353889	135	6H	camptothecin	DB04690
FIBR014_MCLF162SZ_6H_P12_flutamide_4uM up	7c27f601-94fb-4432-8639-85b35cf3a50f	250	[{'approved': True, 'count': 740}]	534214d3-5999-57dc-80f7-fe38ba11cc09	1.1636787286895601e-18	7.904558661493876e-15	1.896609854353889	135	6H	flutamide	DB00499
FIBR020_MCLF135CN_6H_D15_navitoclax_2.22uM up	a99320b1-baae-4f61-bd94-999b7fead225	250	[{'approved': False, 'count': 696}]	fcf2c732-d7f8-51a3-85ae-33a9484cf18d	1.1636787286895601e-18	7.904558661493876e-15	1.896609854353889	135	6H	navitoclax	DB12340
REP.A013_MDAMB231_24H_D08_camptothecin_3.33uM down	4a9d81ee-f64b-4f0c-8a6b-8e42b32bb0c1	250	[{'approved': False, 'count': 1210}]	87300e4d-d57a-585c-bc8e-eb1d1c6fa65d	1.1636787286895601e-18	7.904558661493876e-15	1.896609854353889	135	24H	camptothecin	DB04690
CRCGN015_MCF10A.TP53.M_24H_O12_amsacrine_10uM down	09304658-77af-46b0-986b-1dc20dffe8f6	250	[{'approved': False, 'count': 392}]	57126941-d583-54ed-be2e-ab4926992f70	1.1636787286895601e-18	7.904558661493876e-15	1.896609854353889	135	24H	amsacrine	DB00276
AICHI001_OCILY19_4H_B21_trametinib_0.66uM up	db6e81c3-1ce1-490d-b37f-1593d5605cf7	250	[{'approved': True, 'count': 1552}]	6df44efb-848d-5db3-b46a-4b56e97e7f5f	3.702992213784694e-18	2.210996032472964e-14	1.8825608924697863	134	4H	trametinib	DB08911
REP.A007_A375_24H_N19_calpeptin_10uM down	ad731298-3f2c-4c41-9794-0ce368c278f8	250	[{'approved': False, 'count': 330}]	0fd5601d-99e7-5ff3-a054-30dce67f47d7	3.702992213784694e-18	2.210996032472964e-14	1.8825608924697863	134	24H	calpeptin	DB05098
FIBR018_MCLF076SZ_6H_L02_PRIMA1_4uM up	9094f47f-f14c-48fe-8923-d14dc401a78a	250	[{'approved': False, 'count': 218}]	1e20bea7-2bf5-5aba-a748-d19babfa0b74	3.702992213784694e-18	2.210996032472964e-14	1.8825608924697863	134	6H	PRIMA1	DB01087
LRS001_PHH.MGH_24H_M19_SN-38_10uM down	6b0d13c1-74fe-488a-8bbc-d36624e7ab0d	250	[{'approved': False, 'count': 518}]	22296f57-63ad-5d40-8d9f-5d23a488291b	3.702992213784694e-18	2.210996032472964e-14	1.8825608924697863	134	24H	SN-38	DB02515
FIBR011_MCLF015CN_6H_G09_FGIN-1-27_4uM up	47a2c4ac-c376-46e8-9108-3016d1b7d188	250	[{'approved': False, 'count': 376}]	caaf45fc-a7ef-5e58-ae12-68c42d515aec	3.702992213784694e-18	2.210996032472964e-14	1.8825608924697863	134	6H	FGIN-1-27	DB02880
ASG003_XC.500_24H_H19_camptothecin_10uM down	0935eec2-e179-49d5-9af1-f8cc90186c31	250	[{'approved': False, 'count': 1210}]	e340ff5c-5e48-5074-9180-ac06bcd12467	3.702992213784694e-18	2.210996032472964e-14	1.8825608924697863	134	24H	camptothecin	DB04690
LCP001_MCF10A.WT_24H_I04_camptothecin_10uM down	bde462cc-8a05-4fd5-a911-ed11d3251736	250	[{'approved': False, 'count': 1210}]	6f7faaf3-c647-53fc-b833-5da238aebd4b	3.702992213784694e-18	2.210996032472964e-14	1.8825608924697863	134	24H	camptothecin	DB04690
FIBR005_MCLF033SZ_6H_H08_CAY-10594_4uM down	67e81525-2f82-4184-a301-7b4aea3c7664	250	[{'approved': False, 'count': 318}]	f1d7245f-61e7-55bd-b4ce-d2863e5baa18	3.702992213784694e-18	2.210996032472964e-14	1.8825608924697863	134	6H	CAY-10594	DB15026
FIBR010_MCLF123SZ_6H_F21_PF-750_4uM up	2308c29c-3ae2-483f-b1d4-e15a403093d8	250	[{'approved': False, 'count': 306}]	5a40ac41-c550-50f1-9de9-44fe34104ac8	1.1587494389431958e-17	6.01905759258851e-14	1.8685119305856834	133	6H	PF-750	DB12949
MUC.CP004_MCF7_6H_I22_camptothecin_3.33uM down	5886780a-21b8-48e2-ab80-6d02fc37182e	250	[{'approved': False, 'count': 1210}]	01e14e86-7581-5055-9e75-f13186fda96e	1.1587494389431958e-17	6.01905759258851e-14	1.8685119305856834	133	6H	camptothecin	DB04690
CPC006_SW620_6H_L23_SN-38_0.37uM down	70778a4c-fecf-477f-a402-9aa8d4eae085	250	[{'approved': False, 'count': 518}]	26769613-39e3-5c0f-bfd9-ee43ba6d29b9	1.1587494389431958e-17	6.01905759258851e-14	1.8685119305856834	133	6H	SN-38	DB02515
LCP001_MCF10A.WT_6H_M19_topotecan_10uM down	63302d6f-ca55-4afa-8420-03ce927d1c8a	250	[{'approved': True, 'count': 310}]	ac51ba87-e72d-5049-a2e6-dd9c7b1e31cd	1.1587494389431958e-17	6.01905759258851e-14	1.8685119305856834	133	6H	topotecan	DB01030
REP.B009_THP1_24H_O16_cimetidine_0.08uM up	be93bfc4-5298-4d7d-8174-cd0399dda99a	250	[{'approved': True, 'count': 566}]	0f6929eb-ba7b-5f09-bb89-b115f563a0a4	1.1587494389431958e-17	6.01905759258851e-14	1.8685119305856834	133	24H	cimetidine	DB00501
FIBR005_MCLF033SZ_6H_A07_quercetin_4uM up	6891794f-5cf1-4eb6-abd7-fc0e33791102	250	[{'approved': False, 'count': 530}]	b5d638a9-55e0-547e-aba5-47c65eeec0e4	1.1587494389431958e-17	6.01905759258851e-14	1.8685119305856834	133	6H	quercetin	DB04216
FIBR023_MCLF126CN_6H_F09_valproic-acid_625uM up	5711f8fa-323c-4c0d-aff4-54b8ba892ece	250	[{'approved': True, 'count': 1088}]	87024cc1-e7a8-55b3-b338-7465dce97aec	1.1587494389431958e-17	6.01905759258851e-14	1.8685119305856834	133	6H	valproic-acid	DB00313
CRCGN016_MCF10A.TP53.M_24H_C21_mitoxantrone_1.11uM down	7ec3b219-c83a-461c-854c-3a7c2a4d9e78	250	[{'approved': True, 'count': 3480}]	68e2c388-584e-5b40-b425-eb6d35f6a841	1.1587494389431958e-17	6.01905759258851e-14	1.8685119305856834	133	24H	mitoxantrone	DB01204
PBIOA011_XC.L10_24H_C16_topotecan_10uM down	ab0d5609-02a6-471d-8467-c148017fc425	250	[{'approved': True, 'count': 310}]	68d13bbe-d623-580e-b7de-4dae885dc466	1.1587494389431958e-17	6.01905759258851e-14	1.8685119305856834	133	24H	topotecan	DB01030
MOAR009_NCIH2110_24H_C03_tadalafil_1.11uM down	16e83777-ddb6-4833-9c99-3c472549b3fd	250	[{'approved': True, 'count': 544}]	c47b91bf-e58d-5d88-bce2-3f93afc02c8d	1.1587494389431958e-17	6.01905759258851e-14	1.8685119305856834	133	24H	tadalafil	DB00820
ASG002_RCC10RGB_24H_H07_camptothecin_10uM down	596c097f-ec61-4af1-a9f8-84b60ffb1fcb	250	[{'approved': False, 'count': 1210}]	ebbb9977-0fb2-5120-8de7-6d8e1e2ff2b7	1.1587494389431958e-17	6.01905759258851e-14	1.8685119305856834	133	24H	camptothecin	DB04690
AICHI001_HBL1_4H_P16_IPI-145_0.125uM down	8392fd65-c9a1-4e8e-8962-bae53216e594	250	[{'approved': True, 'count': 216}]	fe72e847-669e-5731-8491-8b7ffd16f51d	1.1587494389431958e-17	6.01905759258851e-14	1.8685119305856834	133	4H	IPI-145	DB05814
FIBR015_MCLF022CN_6H_C04_SN-38_0.04uM down	9ee53438-3956-4501-af9f-6211774a4ded	250	[{'approved': False, 'count': 518}]	afa9cf86-f649-555e-bbbc-f3c6763f1f8d	1.1587494389431958e-17	6.01905759258851e-14	1.8685119305856834	133	6H	SN-38	DB02515
MOAR001_A375_24H_I14_antimycin-a_3.33uM down	d05d85d4-555c-47ff-ab29-e7211321e54d	250	[{'approved': False, 'count': 180}]	6b1fc1bc-db39-5d11-9aef-5e7f06748eeb	1.1587494389431958e-17	6.01905759258851e-14	1.8685119305856834	133	24H	antimycin-a	DB14450
FIBR012_MCLF015CN_6H_O19_clozapine_4uM down	44d5e982-0600-48b2-9ac4-1e3df1c7baff	250	[{'approved': True, 'count': 578}]	bd454022-64a2-5529-af23-d751cec29102	1.1587494389431958e-17	6.01905759258851e-14	1.8685119305856834	133	6H	clozapine	DB00363
NMH002_NPC_24H_L09_plumbagin_10uM down	1ebe9bf7-abf5-482d-8a40-cdc10d9fc102	250	[{'approved': False, 'count': 12}]	91503e15-88a6-5de1-a220-c7b76246868f	1.1587494389431958e-17	6.01905759258851e-14	1.8685119305856834	133	24H	plumbagin	DB10560
ASG002_TOV112D_24H_M13_mitomycin-c_10uM down	c62b3101-036b-4146-b1c3-c8c65cb714f9	250	[{'approved': True, 'count': 920}]	b6632568-31bc-5e9a-9c4d-30abbc01260e	1.1587494389431958e-17	6.01905759258851e-14	1.8685119305856834	133	24H	mitomycin-c	DB00305
RAD001_PC3_6H_H15_camptothecin_3.33uM down	3fa3d88d-769c-4dcc-ab96-06b9b109949c	250	[{'approved': False, 'count': 1210}]	037ea2d9-fdaf-55b0-a2f0-4ba2f227a266	3.565771094187706e-17	1.5953782855156277e-13	1.8544629687015803	132	6H	camptothecin	DB04690
RAD001_HCC515_6H_H18_camptothecin_0.125uM down	a985252a-4207-41c1-98fa-ec8550eb3912	250	[{'approved': False, 'count': 1210}]	33b3437c-7025-5ac3-a009-a43a063f7bc6	3.565771094187706e-17	1.5953782855156277e-13	1.8544629687015803	132	6H	camptothecin	DB04690
FIBR027_MCLF130CN_6H_P01_estradiol_0.37uM down	32ddc5db-cdd4-4f45-9a43-67f9819783b3	250	[{'approved': True, 'count': 1390}]	d31299c8-8d2b-53cc-b9b7-9e2f7b02b1ee	3.565771094187706e-17	1.5953782855156277e-13	1.8544629687015803	132	6H	estradiol	DB00783
FIBR024_MCLF126CN_6H_C04_SN-38_0.04uM down	a7635517-2728-47ca-8844-cc998fbfa1ad	250	[{'approved': False, 'count': 518}]	2b139245-f1dd-55ed-9e10-7da9755731bf	3.565771094187706e-17	1.5953782855156277e-13	1.8544629687015803	132	6H	SN-38	DB02515
RAD001_MCF7_24H_H17_camptothecin_0.37uM down	0143f3ea-eee7-4140-bd12-5e890a42f479	250	[{'approved': False, 'count': 1210}]	d8e6ec13-40d2-5c82-9a89-56fc1bd659f5	3.565771094187706e-17	1.5953782855156277e-13	1.8544629687015803	132	24H	camptothecin	DB04690
PBIOA004_XC.R10_24H_H17_3-Cl-AHPC_6.66uM down	2ee2a14e-6c44-4f03-aaec-2cf2d0e1729b	250	[{'approved': False, 'count': 120}]	9d9b7a9e-4423-5216-8793-981f5efa3a38	3.565771094187706e-17	1.5953782855156277e-13	1.8544629687015803	132	24H	3-Cl-AHPC	DB08294
LCP001_MCF10A.WT_6H_M21_topotecan_1.11uM down	fc05a2ae-fda7-4b9a-a9d5-25afa49d165a	250	[{'approved': True, 'count': 310}]	7174844e-5685-5c2c-a870-ca36a36800c4	3.565771094187706e-17	1.5953782855156277e-13	1.8544629687015803	132	6H	topotecan	DB01030
RAD001_PC3_6H_H14_camptothecin_10uM down	75cdb6ae-3c9e-46ac-9e9d-2a99c1f6aa2b	250	[{'approved': False, 'count': 1210}]	9bd73a6a-0a88-57a5-a475-4fc1cce6cd90	3.565771094187706e-17	1.5953782855156277e-13	1.8544629687015803	132	6H	camptothecin	DB04690
FIBR006_MCLF033SZ_6H_M06_olanzapine_4uM up	a5d4c809-5daa-4206-acc3-a1763fecb033	250	[{'approved': True, 'count': 364}]	c81daf68-ea3b-5c6b-b1f1-fca69ac17bce	3.565771094187706e-17	1.5953782855156277e-13	1.8544629687015803	132	6H	olanzapine	DB00334
ASG003_XC.P901_24H_H19_camptothecin_10uM down	9f06720a-efb5-4968-8ef0-a19e06487f81	250	[{'approved': False, 'count': 1210}]	7e35d5a3-5222-5262-ba9c-711e8a383f4b	3.565771094187706e-17	1.5953782855156277e-13	1.8544629687015803	132	24H	camptothecin	DB04690
ASG003_MCF7_48H_B07_oncrasin-1_10uM down	517584f6-2964-4daa-b027-e7270c41e7e8	250	[{'approved': False, 'count': 568}]	0e7161f1-deee-5f9f-89b8-b3e1ba056919	3.565771094187706e-17	1.5953782855156277e-13	1.8544629687015803	132	48H	oncrasin-1	DB02940
FIBR038_MCLF035SZ_6H_B23_oligomycin-a_2.22uM up	3adea888-d369-478f-b8c9-81d7f16159aa	250	[{'approved': False, 'count': 396}]	862a25bf-e3ad-5ec2-bc44-32b10ccbc49b	3.565771094187706e-17	1.5953782855156277e-13	1.8544629687015803	132	6H	oligomycin-a	DB14450
FIBR005_MCLF033SZ_6H_N17_dexamethasone_0.37uM up	20d0b059-2ca2-4899-9b52-eba219366638	250	[{'approved': True, 'count': 934}]	0c3bca51-4cad-5889-8717-5013d5f6af4c	3.565771094187706e-17	1.5953782855156277e-13	1.8544629687015803	132	6H	dexamethasone	DB01234
REP.A015_HA1E_24H_M24_niacin_0.04uM up	21a2e6e5-5ba0-4c9e-bce2-44428b28209f	250	[{'approved': True, 'count': 340}]	aa489bd2-b30c-543c-9c1f-caf9955ec668	3.565771094187706e-17	1.5953782855156277e-13	1.8544629687015803	132	24H	niacin	DB00627
PBIOA003_XC.L10_24H_C22_mitoxantrone_10uM down	96bd93b4-47cc-4bd7-a902-7bcc140560bf	250	[{'approved': True, 'count': 3480}]	f30171e8-f8f9-5808-99d0-7333649623af	1.0790807546915575e-16	4.1812634771946156e-13	1.8404140068174777	131	24H	mitoxantrone	DB01204
FIBR027_MCLF130CN_6H_K20_amitriptyline_4uM down	990b67cc-aaa6-4c05-bdaf-c38ed5e70680	250	[{'approved': True, 'count': 424}]	c3dca218-9ffe-5bae-84b0-4defcbfd0e34	1.0790807546915575e-16	4.1812634771946156e-13	1.8404140068174777	131	6H	amitriptyline	DB00321
ASG003_XC.P907_24H_H19_camptothecin_10uM down	0564ed60-bed7-43e2-9f45-d4faae6e9a9e	250	[{'approved': False, 'count': 1210}]	283066be-61f9-5e8a-bdde-95c97cae0e6d	1.0790807546915575e-16	4.1812634771946156e-13	1.8404140068174777	131	24H	camptothecin	DB04690
CEGS002_HIMG002_24H_H19_topotecan_25uM down	3df244ff-0cb9-4a5c-9155-e2a9fafa9dd7	250	[{'approved': True, 'count': 310}]	580174dc-5c9c-590c-9d3d-e87770f80904	1.0790807546915575e-16	4.1812634771946156e-13	1.8404140068174777	131	24H	topotecan	DB01030
ASG003_XC.P914_24H_H20_camptothecin_1.11uM down	c5843323-1db3-41e8-a76b-cc90a5226dec	250	[{'approved': False, 'count': 1210}]	82260ff7-b72f-50c7-8575-bf8ed9cc7728	1.0790807546915575e-16	4.1812634771946156e-13	1.8404140068174777	131	24H	camptothecin	DB04690
FIBR012_MCLF015CN_6H_C03_pregnenolone_4uM up	88358905-84b1-4785-a031-d26c56510f31	250	[{'approved': False, 'count': 390}]	95d486a8-8d72-560a-a2bd-ce656c122999	1.0790807546915575e-16	4.1812634771946156e-13	1.8404140068174777	131	6H	pregnenolone	DB02789
FIBR038_MCLF035SZ_6H_K03_riluzole_4uM up	28de9b86-37d8-490d-89bd-b8f5de2fdd75	250	[{'approved': True, 'count': 564}]	b94e8706-5b42-5bcb-8fe3-1b41b9a3d32c	1.0790807546915575e-16	4.1812634771946156e-13	1.8404140068174777	131	6H	riluzole	DB00740
FIBR005_MCLF033SZ_6H_H09_inhibitor-BEC_4uM down	a8761015-4b56-42b7-953c-48f160575721	250	[{'approved': False, 'count': 308}]	814d69ed-e76c-57f9-825c-a766c8db3f6c	1.0790807546915575e-16	4.1812634771946156e-13	1.8404140068174777	131	6H	inhibitor-BEC	DB13151
PAC019_U2OS_6H_I12_BRD-K61268714_10uM down	04e19906-4de7-48ef-96a9-65aa68184984	250	[{'approved': False, 'count': 6}]	aea473b4-7ca3-5233-8c70-f2853b9a6266	1.0790807546915575e-16	4.1812634771946156e-13	1.8404140068174777	131	6H	BRD-K61268714	DB11872
ASG002_T47D_24H_H07_camptothecin_10uM down	6b4690ce-7331-404a-b5b6-4691a0ac2ac1	250	[{'approved': False, 'count': 1210}]	1147620c-d71c-577f-8bda-8fbc590594cf	1.0790807546915575e-16	4.1812634771946156e-13	1.8404140068174777	131	24H	camptothecin	DB04690
CPC015_NPC_24H_E16_ouabain_10uM up	ee714a09-a155-448f-adfb-66bdce291059	250	[{'approved': False, 'count': 196}]	0647dd8c-a3db-54c6-b4b6-619c0ddcdae4	1.0790807546915575e-16	4.1812634771946156e-13	1.8404140068174777	131	24H	ouabain	DB01092
FIBR040_MCLF056CN_6H_D13_kinetin-riboside_2.22uM up	e2dff537-7f87-4253-a350-a1efc0d8486d	250	[{'approved': False, 'count': 228}]	d85636e5-6882-5804-8ad3-4d47861c9aa7	1.0790807546915575e-16	4.1812634771946156e-13	1.8404140068174777	131	6H	kinetin-riboside	DB11336
ASG003_XC.P930_24H_H20_camptothecin_1.11uM down	aa7ba246-1f83-4f13-91a6-2ad5a3f7fe60	250	[{'approved': False, 'count': 1210}]	dbae3a8b-a51e-5ac2-a674-b559ce34e35e	1.0790807546915575e-16	4.1812634771946156e-13	1.8404140068174777	131	24H	camptothecin	DB04690
PBIOA010_XC.R10_24H_G16_withaferin-a_10uM down	3963dadc-c86f-4222-b5df-434be9505eaa	250	[{'approved': False, 'count': 1816}]	3fe0fc0f-4b91-571b-aa02-42b6d52cebf6	1.0790807546915575e-16	4.1812634771946156e-13	1.8404140068174777	131	24H	withaferin-a	DB14450
REP.A013_PC3_24H_D08_camptothecin_3.33uM down	e0e3ba9a-760d-4824-8161-d0fbf63171e2	250	[{'approved': False, 'count': 1210}]	5d78fa18-adfa-5bb0-9060-0a552f0377b3	1.0790807546915575e-16	4.1812634771946156e-13	1.8404140068174777	131	24H	camptothecin	DB04690
ASG002_BC3C_24H_H07_camptothecin_10uM down	edb670cd-fad8-4198-977f-f41ee91e4970	250	[{'approved': False, 'count': 1210}]	36a9eb77-dfb9-5e6a-a165-45ad73f1ff3e	1.0790807546915575e-16	4.1812634771946156e-13	1.8404140068174777	131	24H	camptothecin	DB04690
FIBR018_MCLF076SZ_6H_E06_FK-866_0.01uM up	3bfe7bbd-39fc-4dcb-8192-6103c97c0b7a	250	[{'approved': False, 'count': 572}]	6694b5fa-aca4-5576-8fdd-9b48d4501b11	1.0790807546915575e-16	4.1812634771946156e-13	1.8404140068174777	131	6H	FK-866	DB14937
REP.A001_A375_24H_M09_topiramate_1.11uM down	7120d604-0767-4611-acc2-beaea671367b	250	[{'approved': True, 'count': 330}]	ce6fcf77-a2c2-5459-9d9d-02776d96d08e	1.0790807546915575e-16	4.1812634771946156e-13	1.8404140068174777	131	24H	topiramate	DB00273
PBIOA019_HEPG2_24H_G16_withaferin-a_10uM down	c86063d6-29de-4b9b-8f4e-363626306efe	250	[{'approved': False, 'count': 1816}]	065ce293-325b-57e5-8758-228f44ab5eeb	1.0790807546915575e-16	4.1812634771946156e-13	1.8404140068174777	131	24H	withaferin-a	DB14450
CPC006_MCF7_6H_N05_RITA_10uM down	cd99c73d-c56b-444d-b637-7ff4e8a09edf	250	[{'approved': True, 'count': 910}]	76e4bea2-4b8e-5f82-94c0-66555dee03fd	1.0790807546915575e-16	4.1812634771946156e-13	1.8404140068174777	131	6H	RITA	DB04911
FIBR018_MCLF076SZ_6H_D15_navitoclax_2.22uM up	7f999a9d-f4cd-4bb6-a9dc-9283d5f96f55	250	[{'approved': False, 'count': 696}]	856d51b5-d781-554b-94b6-c19a7251a741	3.2114385601131177e-16	1.1018747798262965e-12	1.8263650449333746	130	6H	navitoclax	DB12340
AICHI001_OCILY19_4H_B20_trametinib_2.5uM up	384cf348-9bb8-4c4b-8f4b-48c89c3f0bb8	250	[{'approved': True, 'count': 1552}]	d308c398-6b2c-5d4d-974b-bd3ec2c16156	3.2114385601131177e-16	1.1018747798262965e-12	1.8263650449333746	130	4H	trametinib	DB08911
PAC021_U2OS_6H_L16_genistein_20uM down	b579533e-2436-4ff1-8a00-e5018a77269b	250	[{'approved': False, 'count': 1016}]	25bc2a6e-014f-5919-8b2e-37f57d77ecb6	3.2114385601131177e-16	1.1018747798262965e-12	1.8263650449333746	130	6H	genistein	DB01645
ASG003_XC.P922_24H_H19_camptothecin_10uM down	c3904bec-ac19-4c20-8228-e7cfbab462e3	250	[{'approved': False, 'count': 1210}]	038299fd-caf9-5bde-9fe9-b35f52be666d	3.2114385601131177e-16	1.1018747798262965e-12	1.8263650449333746	130	24H	camptothecin	DB04690
ERG005_VCAP_48H_J12_thioridazine_4uM down	cf242b1d-e347-4ed8-b185-7cf9cd0ae664	250	[{'approved': True, 'count': 1444}]	42d9a18c-88ad-5567-b1b2-e5485abde478	3.2114385601131177e-16	1.1018747798262965e-12	1.8263650449333746	130	48H	thioridazine	DB00679
CVD001_HEPG2_6H_H19_ryuvidine_2.5uM down	f8106b2c-80a7-41d9-a5ad-ee9e3b4f4b07	250	[{'approved': False, 'count': 60}]	9e5f9e25-a376-51d9-9d30-87a21832412a	3.2114385601131177e-16	1.1018747798262965e-12	1.8263650449333746	130	6H	ryuvidine	DB15228
ASG003_XC.P909_24H_F17_idarubicin_1.11uM down	e85b09ba-9374-43b1-9e8b-cf43565442eb	250	[{'approved': True, 'count': 758}]	b3bb6996-0a6c-593f-9808-abbe2d82a096	3.2114385601131177e-16	1.1018747798262965e-12	1.8263650449333746	130	24H	idarubicin	DB01177
AICHI002_K562_24H_K09_mitoxantrone_0.66uM down	7fa4f73a-ac3b-4518-9073-288071450b1e	250	[{'approved': True, 'count': 3480}]	b8ef5a45-d26f-5582-8610-db13df4e87d4	3.2114385601131177e-16	1.1018747798262965e-12	1.8263650449333746	130	24H	mitoxantrone	DB01204
ASG003_A549_6H_H21_camptothecin_0.12uM down	150f526d-ecae-40cf-ad72-b6b0a7cd5127	250	[{'approved': False, 'count': 1210}]	355207f8-22c8-58a6-b224-849bf34ad63a	3.2114385601131177e-16	1.1018747798262965e-12	1.8263650449333746	130	6H	camptothecin	DB04690
FIBR034_MCLF100SZ_6H_B22_SRT-1720_4uM down	30e83d71-d2b5-4be0-a844-40848802223f	250	[{'approved': False, 'count': 308}]	f2a110f9-69f4-5b96-ab30-d3b2cce88c3a	3.2114385601131177e-16	1.1018747798262965e-12	1.8263650449333746	130	6H	SRT-1720	DB12186
ERG011_VCAP_24H_F22_camptothecin_2.22uM down	2e16dd67-cd4b-4dde-ae2a-7bf543f695b3	250	[{'approved': False, 'count': 1210}]	e6236516-fad7-5883-b123-d50ec9ee8919	3.2114385601131177e-16	1.1018747798262965e-12	1.8263650449333746	130	24H	camptothecin	DB04690
AICHI002_BJAB_24H_M10_dinaciclib_0.125uM down	5a68040f-1fcb-4c17-b1ce-9fb0750021dd	250	[{'approved': False, 'count': 812}]	24f591f9-587a-5158-af66-d05366249182	3.2114385601131177e-16	1.1018747798262965e-12	1.8263650449333746	130	24H	dinaciclib	DB12021
PAC068_U2OS_6H_J02_sirolimus_20uM up	5aa96494-2c3d-4921-9339-0d1c225a6bfd	250	[{'approved': True, 'count': 3814}]	9058bbba-6169-5154-b78f-5316b3addb9a	3.2114385601131177e-16	1.1018747798262965e-12	1.8263650449333746	130	6H	sirolimus	DB00877
CPC002_HA1E_24H_J12_camptothecin_10uM down	910e4ef6-968b-4fee-abd3-b9679bed8569	250	[{'approved': False, 'count': 1210}]	9f450d79-b9e4-5e3f-b558-3b2504099b79	3.2114385601131177e-16	1.1018747798262965e-12	1.8263650449333746	130	24H	camptothecin	DB04690
FIBR039_MCLF056CN_6H_K03_riluzole_4uM up	36caba01-a4d5-4599-9385-191889607487	250	[{'approved': True, 'count': 564}]	ce4a5f68-c2f9-5327-be66-c51e8a330a52	3.2114385601131177e-16	1.1018747798262965e-12	1.8263650449333746	130	6H	riluzole	DB00740
FIBR005_MCLF033SZ_6H_A21_serdemetan_4uM down	6148452d-f158-4992-82cd-195395bb05a0	250	[{'approved': False, 'count': 956}]	7e43311d-011b-50f0-a631-834f5025ed93	3.2114385601131177e-16	1.1018747798262965e-12	1.8263650449333746	130	6H	serdemetan	DB12027
CPC001_PC3_24H_J01_MDM2-inhibitor_10uM up	4e6b3bac-fda2-449b-8333-9ec2b0d21026	250	[{'approved': False, 'count': 38}]	e91d5079-d29f-511a-871f-07f060b37283	3.2114385601131177e-16	1.1018747798262965e-12	1.8263650449333746	130	24H	MDM2-inhibitor	DB13151
FIBR012_MCLF015CN_6H_M15_PF-04217903_4uM up	8e5ba443-1503-495d-945b-89433deda053	250	[{'approved': False, 'count': 1050}]	b7b2dda4-51d3-53f3-85a1-ade50f436675	3.2114385601131177e-16	1.1018747798262965e-12	1.8263650449333746	130	6H	PF-04217903	DB12848
CPC006_HT29_6H_F24_PF-04217903_40uM up	006e245b-d43f-4cca-ab09-8cb571f130ec	250	[{'approved': False, 'count': 1050}]	faeff0ae-c69d-5df9-9d41-1d3acbc2672d	9.39936135813537e-16	2.781357228128098e-12	1.8123160830492717	129	6H	PF-04217903	DB12848
CEGS001_NPC.215_24H_H19_topotecan_25uM down	af6a287d-b9fc-4a0c-882e-ea968e52c917	250	[{'approved': True, 'count': 310}]	9ebdcd78-6cdc-5d70-b084-7dc9487efc1c	9.39936135813537e-16	2.781357228128098e-12	1.8123160830492717	129	24H	topotecan	DB01030
FIBR038_MCLF035SZ_6H_C10_NVP-AUY922_0.04uM up	28149c99-1053-43b5-915a-b2ac4957ff88	250	[{'approved': False, 'count': 1158}]	259ba234-2592-5a98-87fe-740fd17c1dc4	9.39936135813537e-16	2.781357228128098e-12	1.8123160830492717	129	6H	NVP-AUY922	DB11881
ERG011_VCAP_24H_F20_camptothecin_10uM down	2bd58b22-b200-4ce9-8f22-7d8cd7d8af09	250	[{'approved': False, 'count': 1210}]	4a4605d7-f565-532f-9e24-9300f78e6ddc	9.39936135813537e-16	2.781357228128098e-12	1.8123160830492717	129	24H	camptothecin	DB04690
LJP006_MCF10A_24H_G13_withaferin-a_10uM down	c027bbee-5d46-4712-83b0-87d85715335a	250	[{'approved': False, 'count': 1816}]	b6a7001f-6419-58b7-b027-df31b71f7bdd	9.39936135813537e-16	2.781357228128098e-12	1.8123160830492717	129	24H	withaferin-a	DB14450
FIBR006_MCLF033SZ_6H_L05_phenelzine_4uM up	1a3c31f9-f9db-4bce-ade7-4a11cb2b48f8	250	[{'approved': True, 'count': 280}]	0e419541-42f3-5192-80cb-cd06d153d4d8	9.39936135813537e-16	2.781357228128098e-12	1.8123160830492717	129	6H	phenelzine	DB00780
AICHI002_HBL1_24H_A19_TG-101348_10uM up	05397431-ef0d-4a28-85d8-8ff6bdc759a9	250	[{'approved': False, 'count': 1014}]	7186c33f-2423-5ff1-a076-f1649605cb6a	9.39936135813537e-16	2.781357228128098e-12	1.8123160830492717	129	24H	TG-101348	DB05899
FIBR011_MCLF015CN_6H_E23_glibenclamide_4uM up	c1ad46ec-99f1-4344-982f-b94169fff5b0	250	[{'approved': True, 'count': 760}]	d2235678-7ac8-527e-9c5c-b1cbf815c6a7	9.39936135813537e-16	2.781357228128098e-12	1.8123160830492717	129	6H	glibenclamide	DB09011
FIBR034_MCLF100SZ_6H_A19_ziprasidone_4uM down	b1382fac-ea7d-4027-aa1b-5cb26310a29a	250	[{'approved': True, 'count': 426}]	0b7083ab-1200-5ddd-a473-78b6c2e4602f	9.39936135813537e-16	2.781357228128098e-12	1.8123160830492717	129	6H	ziprasidone	DB00246
FIBR042_MCLF0067SZ_6H_D10_lenalidomide_4uM up	cfe4a241-90f3-4322-9e20-9ccb533f1d20	250	[{'approved': True, 'count': 666}]	43990d7e-7f2e-5af9-bc23-40e65f2bbebe	9.39936135813537e-16	2.781357228128098e-12	1.8123160830492717	129	6H	lenalidomide	DB00480
FIBR010_MCLF123SZ_6H_H12_pterostilbene_4uM up	d3d75c16-02e9-416e-b5f6-3f65348fe628	250	[{'approved': False, 'count': 358}]	fe8110b6-786c-5fa0-b1bc-eba074f9ce80	9.39936135813537e-16	2.781357228128098e-12	1.8123160830492717	129	6H	pterostilbene	DB11454
REP.A013_MDAMB231_24H_D07_camptothecin_10uM down	15856aae-94ff-42e0-bfa5-276cadc2e143	250	[{'approved': False, 'count': 1210}]	9dba00b7-3691-5e14-a7b2-1de033fb94bf	9.39936135813537e-16	2.781357228128098e-12	1.8123160830492717	129	24H	camptothecin	DB04690
LCP001_MCF10A.WT_3H_I04_camptothecin_10uM down	0ee65b6b-5c21-42a3-a579-a4e98d22cf14	250	[{'approved': False, 'count': 1210}]	c7818649-65ed-57ee-b389-015220be9af2	9.39936135813537e-16	2.781357228128098e-12	1.8123160830492717	129	3H	camptothecin	DB04690
NMH002_NPC_6H_D22_anisomycin_10uM up	28eaa674-d470-4106-bb71-ab42e39df065	250	[{'approved': False, 'count': 52}]	1ca0674b-38ca-5619-8db8-e28c3cf73872	9.39936135813537e-16	2.781357228128098e-12	1.8123160830492717	129	6H	anisomycin	DB07374
FIBR024_MCLF126CN_6H_A08_importazole_4uM down	215fa7d9-4462-4e4e-9a96-f89a54fbea2f	250	[{'approved': False, 'count': 386}]	128f0f9d-65e8-5e5e-8be2-ae3e2eb52e1f	9.39936135813537e-16	2.781357228128098e-12	1.8123160830492717	129	6H	importazole	DB12172
ERG005_VCAP_48H_K12_thioridazine_20uM down	f5e84aaf-d884-4279-88cc-683a90809243	250	[{'approved': True, 'count': 1444}]	77e5c214-9cd7-5aac-80d6-579b65518924	9.39936135813537e-16	2.781357228128098e-12	1.8123160830492717	129	48H	thioridazine	DB00679
PAC056_U2OS_6H_D15_genistein_20uM down	7a32737b-8041-4e51-a6fc-c912e95980a0	250	[{'approved': False, 'count': 1016}]	741cd776-420d-56c5-841b-3aab8f48bb14	9.39936135813537e-16	2.781357228128098e-12	1.8123160830492717	129	6H	genistein	DB01645
CPC006_MCF7_24H_E13_importazole_60uM down	1a3010d9-c79f-4481-8f76-c78427810a8a	250	[{'approved': False, 'count': 386}]	93ffd5f1-24dc-5790-959c-71a11fa722e4	9.39936135813537e-16	2.781357228128098e-12	1.8123160830492717	129	24H	importazole	DB12172
CPC006_MCF7_6H_G02_methylene-blue_10uM down	42775e2f-f9ec-4c30-8a0e-6405c974fd1a	250	[{'approved': False, 'count': 220}]	dd2a2ac3-60fb-5412-8120-bc0c5419ef25	9.39936135813537e-16	2.781357228128098e-12	1.8123160830492717	129	6H	methylene-blue	DB09241
PAC019_U2OS_6H_N10_estradiol_20uM up	c225d559-ee25-496f-9672-603f92ba96a2	250	[{'approved': True, 'count': 1390}]	ec6cf171-bc18-590e-9779-49b0c945f89c	9.39936135813537e-16	2.781357228128098e-12	1.8123160830492717	129	6H	estradiol	DB00783
FIBR006_MCLF033SZ_6H_J03_zileuton_4uM up	280e6be3-90a8-4765-a923-89bd6e8daa67	250	[{'approved': True, 'count': 400}]	bb551d61-dcb3-5402-9761-acd84410c3f6	9.39936135813537e-16	2.781357228128098e-12	1.8123160830492717	129	6H	zileuton	DB00744
FIBR027_MCLF130CN_6H_C17_troglitazone_4uM up	b9683cfa-dcd3-49be-9ce9-eff7baf21e63	250	[{'approved': True, 'count': 2184}]	e77827d4-b173-5890-bbdb-97627ee6d2c5	9.39936135813537e-16	2.781357228128098e-12	1.8123160830492717	129	6H	troglitazone	DB00197
FIBR005_MCLF033SZ_6H_I18_PI-103_0.2uM up	14d5e845-4a36-493d-ac23-89a868037acc	250	[{'approved': False, 'count': 1394}]	12ae871c-f646-5b23-be4d-21b777531680	9.39936135813537e-16	2.781357228128098e-12	1.8123160830492717	129	6H	PI-103	DB15016
FIBR010_MCLF123SZ_6H_B09_DC-45-A2_0.74uM down	1b7216d3-37d7-4875-b60d-8b6435949086	250	[{'approved': False, 'count': 192}]	8b679657-4589-5e4e-86f1-059cab0a87ab	9.39936135813537e-16	2.781357228128098e-12	1.8123160830492717	129	6H	DC-45-A2	DB01934
FIBR006_MCLF033SZ_6H_L08_NSC-23766_4uM up	a1d439c0-a4fd-4b73-85b0-ceb323287117	250	[{'approved': False, 'count': 342}]	cf4731ba-7b8a-5a1e-bbe1-3f1fa954f1a0	9.39936135813537e-16	2.781357228128098e-12	1.8123160830492717	129	6H	NSC-23766	DB14059
FIBR041_MCLF0067SZ_6H_O18_PJ-34_4uM down	799557fc-d9e6-4d8b-a064-7dca4f7c7f92	250	[{'approved': False, 'count': 828}]	cf36f03c-99de-5a5e-b8c9-74de970e838e	9.39936135813537e-16	2.781357228128098e-12	1.8123160830492717	129	6H	PJ-34	DB16109
ASG003_A549_6H_O23_ceritinib_1.11uM down	38064d67-1342-4686-a12c-a57bb7fd54c4	250	[{'approved': False, 'count': 432}]	53ba1b04-f8f3-521c-a7a5-484c8e209ff7	9.39936135813537e-16	2.781357228128098e-12	1.8123160830492717	129	6H	ceritinib	DB09063
LKCP002_A549_6H_J04_BMS-833923_10uM down	ca33cc4c-e98d-455a-9eb9-a5e53e001b21	250	[{'approved': False, 'count': 66}]	111c354e-e1a0-51cc-8303-6f135ddeb0e9	9.39936135813537e-16	2.781357228128098e-12	1.8123160830492717	129	6H	BMS-833923	DB15773
LUNG001_HFL1_24H_B05_topotecan_10uM down	9d3b65bb-bc88-4331-8cfd-c791783857b9	250	[{'approved': True, 'count': 310}]	b14ac115-66b7-5923-ae3d-51b1acee3d09	9.39936135813537e-16	2.781357228128098e-12	1.8123160830492717	129	24H	topotecan	DB01030
NMH002_FIBRNPC_24H_D20_PD-98059_10uM up	0e251bc2-2de8-498f-9a79-2b6a66087aac	250	[{'approved': False, 'count': 370}]	b1214ff9-d7f4-5eb7-8e4d-fe9b20c3822b	9.39936135813537e-16	2.781357228128098e-12	1.8123160830492717	129	24H	PD-98059	DB15016
CPC006_PC3_24H_E13_importazole_60uM down	b34e85b9-96f8-4d6e-bbbb-a484a8c8eb2c	250	[{'approved': False, 'count': 386}]	e8f50635-8f3b-5c46-9fe2-388eb6cf23ab	9.39936135813537e-16	2.781357228128098e-12	1.8123160830492717	129	24H	importazole	DB12172
AICHI002_KMS34_24H_M11_dinaciclib_0.04uM down	8897fc42-d706-4320-b690-01eecea822de	250	[{'approved': False, 'count': 812}]	4b1a93fe-9138-5c27-9322-51e88656b808	2.705560654162861e-15	7.026939927798326e-12	1.798267121165169	128	24H	dinaciclib	DB12021
ASG003_XC.P910_24H_H19_camptothecin_10uM down	8e47f503-8dde-469d-b4fc-bc313343012b	250	[{'approved': False, 'count': 1210}]	a15c0111-b073-522e-8723-b9eec334c80e	2.705560654162861e-15	7.026939927798326e-12	1.798267121165169	128	24H	camptothecin	DB04690
PAC039_U2OS_6H_M19_BRD-K30105551_10uM down	70744574-a1e2-48fc-a87a-2b0a0e5901fc	250	[{'approved': False, 'count': 2}]	3082e22b-68ff-5f1e-a35d-f97c54d7c6c7	2.705560654162861e-15	7.026939927798326e-12	1.798267121165169	128	6H	BRD-K30105551	DB05188
ASG003_XC.P915_24H_H19_camptothecin_10uM down	8f14f538-b774-4063-9d7e-5bfe64fc29a1	250	[{'approved': False, 'count': 1210}]	86cdcb53-a5d7-5200-bc9f-0526248aff03	2.705560654162861e-15	7.026939927798326e-12	1.798267121165169	128	24H	camptothecin	DB04690
CVD001_HEPG2_24H_A19_mitoxantrone_10uM down	6f5c819a-9d81-4cc1-a026-9996beeb2224	250	[{'approved': True, 'count': 3480}]	8418356f-e1d3-5bad-9d0a-82815646cf2a	2.705560654162861e-15	7.026939927798326e-12	1.798267121165169	128	24H	mitoxantrone	DB01204
ASG003_XC.P033_24H_H19_camptothecin_10uM down	f8833f31-8653-46a7-90a5-6e7b7cea94fc	250	[{'approved': False, 'count': 1210}]	4e8ab361-a0ed-5bc0-b43e-10a66c2621f2	2.705560654162861e-15	7.026939927798326e-12	1.798267121165169	128	24H	camptothecin	DB04690
EMU001_BJAB_3H_G19_auranofin_10uM down	b9c41520-20b8-4152-ae5f-5b34e645e9ef	250	[{'approved': True, 'count': 398}]	6e56e17e-84c1-5224-9e2a-da6cb6beb799	2.705560654162861e-15	7.026939927798326e-12	1.798267121165169	128	3H	auranofin	DB00995
ERG005_VCAP_48H_I10_geldanamycin_1.11uM up	e5702bb9-b696-44f1-8295-9d8ea46440e8	250	[{'approved': False, 'count': 3068}]	133ec520-5254-55ed-836a-6615fa089b85	2.705560654162861e-15	7.026939927798326e-12	1.798267121165169	128	48H	geldanamycin	DB02424
CEGS002_HIMG002_24H_H24_topotecan_0.74uM down	4a0e98ae-352d-44de-ad0e-fe2425088be5	250	[{'approved': True, 'count': 310}]	09cd69b0-0b2f-5052-aef5-e144a1dfb092	2.705560654162861e-15	7.026939927798326e-12	1.798267121165169	128	24H	topotecan	DB01030
EMU001_K562_24H_C20_mitoxantrone_2.5uM down	f979c800-06b3-4613-8d04-c689a5df1cdc	250	[{'approved': True, 'count': 3480}]	eb9f861e-c75d-5e2f-a959-bd692fc44a73	2.705560654162861e-15	7.026939927798326e-12	1.798267121165169	128	24H	mitoxantrone	DB01204
FIBR005_MCLF033SZ_6H_P04_PP-110_4uM up	60ab1de7-5a69-42ef-acd7-75a9582ab4de	250	[{'approved': False, 'count': 272}]	9f04e26c-a595-57c6-9596-6473518f3433	2.705560654162861e-15	7.026939927798326e-12	1.798267121165169	128	6H	PP-110	DB08052
FIBR041_MCLF0067SZ_6H_E22_AGK-2_4uM up	83a3a615-8e52-4333-beaf-26eb0cf5c886	250	[{'approved': False, 'count': 672}]	4c0ccc3b-cc88-53a5-b233-c7bff2961eb3	2.705560654162861e-15	7.026939927798326e-12	1.798267121165169	128	6H	AGK-2	DB02434
FIBR024_MCLF126CN_6H_H07_DG-041_4uM down	1f4913c9-b471-4304-8e23-d96f4c0fd837	250	[{'approved': False, 'count': 206}]	0eac1645-cc1d-5a48-9302-45c733090562	2.705560654162861e-15	7.026939927798326e-12	1.798267121165169	128	6H	DG-041	DB05027
CEGS001_NPC.170_24H_G18_tacedinaline_0.3uM down	ee90ecbf-6726-433b-b0a6-2bd8c3df62c9	250	[{'approved': False, 'count': 880}]	0f427280-a803-5cb4-88aa-2b12049e62f3	2.705560654162861e-15	7.026939927798326e-12	1.798267121165169	128	24H	tacedinaline	DB12291
PBIOA022_HT29_24H_D20_topotecan_3.33uM down	3618e9e9-7928-4bfd-89fb-9486fed56aab	250	[{'approved': True, 'count': 310}]	45a2822d-6fc5-5e89-99c5-73f85c9130d9	2.705560654162861e-15	7.026939927798326e-12	1.798267121165169	128	24H	topotecan	DB01030
FIBR011_MCLF015CN_6H_C20_parbendazole_0.04uM down	3f87b372-885a-49f9-a0f7-f8738f4be3c9	250	[{'approved': False, 'count': 904}]	9b552de4-7dfb-5e65-838c-4fae69d04a98	2.705560654162861e-15	7.026939927798326e-12	1.798267121165169	128	6H	parbendazole	DB00518
AICHI001_OCILY19_4H_A15_GSK-2110183_0.66uM up	28c3ad3c-c619-4011-a72b-07514020260c	250	[{'approved': False, 'count': 540}]	5ca9754d-3301-54a0-9183-26a982a76037	2.705560654162861e-15	7.026939927798326e-12	1.798267121165169	128	4H	GSK-2110183	DB05708
ERG005_VCAP_6H_D02_wortmannin_4uM up	0364fa7f-44ff-4e47-b66a-a079af413ae2	250	[{'approved': False, 'count': 3340}]	28a95703-20b0-5119-b38d-9fda0f5b20f0	2.705560654162861e-15	7.026939927798326e-12	1.798267121165169	128	6H	wortmannin	DB08059
REP.A012_A375_24H_N04_BMS-299897_0.37uM down	5d400134-f8cc-43a8-a312-5186d0108d88	250	[{'approved': False, 'count': 534}]	5b9309ff-e7fc-535f-a042-f945ef1f8e90	2.705560654162861e-15	7.026939927798326e-12	1.798267121165169	128	24H	BMS-299897	DB15773
FIBR005_MCLF033SZ_6H_O06_monastrol_40uM down	8d802086-7cba-42c4-abd0-d7c860ab99e1	250	[{'approved': False, 'count': 134}]	1a0b105e-0fed-563c-b8fc-a9d9f95dbc02	2.705560654162861e-15	7.026939927798326e-12	1.798267121165169	128	6H	monastrol	DB04331
RAD001_MCF7_6H_H14_camptothecin_10uM down	3a473375-05aa-4542-8e5e-5ebd57f16a3c	250	[{'approved': False, 'count': 1210}]	2f2f869b-5c6c-561d-8dd4-28ff768b30ed	2.705560654162861e-15	7.026939927798326e-12	1.798267121165169	128	6H	camptothecin	DB04690
LJP006_HME1_3H_G07_celastrol_10uM down	4a57c406-2b89-4f00-9efe-941f21e52f23	250	[{'approved': False, 'count': 392}]	35166bdc-da8d-516a-8b3e-7817ab7f6269	2.705560654162861e-15	7.026939927798326e-12	1.798267121165169	128	3H	celastrol	DB04573
FIBR023_MCLF126CN_6H_M03_prima-1-met_4uM up	b043dac3-d9b8-49de-865a-a0c349a09134	250	[{'approved': False, 'count': 320}]	ca358420-eccb-501c-ade9-d13738f1518f	2.705560654162861e-15	7.026939927798326e-12	1.798267121165169	128	6H	prima-1-met	DB08463
FIBR042_MCLF0067SZ_6H_O17_gallic-acid_4uM down	dee7cc2e-be17-4b19-8c31-69c02ff70378	250	[{'approved': False, 'count': 94}]	26ee0c94-05f9-5e47-9ef2-a1ec3cd99675	2.705560654162861e-15	7.026939927798326e-12	1.798267121165169	128	6H	gallic-acid	DB02434
CEGS002_HIMG001_24H_H19_topotecan_25uM down	7c1b311a-63eb-4b46-b68b-3b17939796b8	250	[{'approved': True, 'count': 310}]	07f93275-2f17-5a2c-8acb-30e2509093e9	2.705560654162861e-15	7.026939927798326e-12	1.798267121165169	128	24H	topotecan	DB01030
ASG003_U2OS_24H_H19_camptothecin_10uM down	2ffbb290-d2d7-4967-8f39-23f3d457664a	250	[{'approved': False, 'count': 1210}]	ea149fed-8bc4-5705-8c11-d1f2ced26aeb	2.705560654162861e-15	7.026939927798326e-12	1.798267121165169	128	24H	camptothecin	DB04690
FIBR010_MCLF123SZ_6H_H02_imipramine_4uM down	1a99d3d3-1d91-4cd0-9b72-3cedd6c42cbe	250	[{'approved': True, 'count': 512}]	1e40b1dd-ff34-5a37-bd14-74565d1c52f3	2.705560654162861e-15	7.026939927798326e-12	1.798267121165169	128	6H	imipramine	DB00458
FIBR020_MCLF135CN_6H_L05_phenelzine_4uM up	80ed66dd-4a6f-482b-a89b-64f1e50834b6	250	[{'approved': True, 'count': 280}]	eead2325-81cc-5221-a220-a2993505ceba	2.705560654162861e-15	7.026939927798326e-12	1.798267121165169	128	6H	phenelzine	DB00780
AICHI001_THP1_4H_P14_IPI-145_2.5uM up	d268cf06-a155-4633-b15f-db60e58435cd	250	[{'approved': True, 'count': 216}]	2b22cd86-dd1d-5840-bbb2-a469435f4ed9	7.659189659797673e-15	1.765195976257807e-11	1.784218159281066	127	4H	IPI-145	DB05814
CPC014_A549_6H_P21_celastrol_10uM down	e083fb78-c73a-4a44-a6fb-c5696445767e	250	[{'approved': False, 'count': 392}]	f1000527-6757-578d-aa4d-0a8582f6bc9d	7.659189659797673e-15	1.765195976257807e-11	1.784218159281066	127	6H	celastrol	DB04573
LRS001_PHH.MGH_24H_C13_linifanib_10uM up	32a75c6b-b6b6-4a28-9b84-095aad197f7b	250	[{'approved': False, 'count': 1064}]	b31580ca-6913-563e-8e5e-948052aded84	7.659189659797673e-15	1.765195976257807e-11	1.784218159281066	127	24H	linifanib	DB06080
REP.B013_PC3_24H_D08_camptothecin_0.74uM down	46bf85ba-4777-41b8-b571-48c2fb48e466	250	[{'approved': False, 'count': 1210}]	ff47001e-12a3-5264-bc15-bccdad285db0	7.659189659797673e-15	1.765195976257807e-11	1.784218159281066	127	24H	camptothecin	DB04690
FIBR011_MCLF015CN_6H_D02_valdecoxib_4uM up	ba1fe054-d18f-4a56-9964-4d89fedc293c	250	[{'approved': True, 'count': 540}]	bb8f6a32-8a19-5b29-9ba5-04184087b626	7.659189659797673e-15	1.765195976257807e-11	1.784218159281066	127	6H	valdecoxib	DB00580
FIBR038_MCLF035SZ_6H_C04_SN-38_0.04uM down	9310833e-2c76-4819-9379-f31a76f14e0f	250	[{'approved': False, 'count': 518}]	a1e5a578-872d-5e5d-99c1-114f20c505ae	7.659189659797673e-15	1.765195976257807e-11	1.784218159281066	127	6H	SN-38	DB02515
AICHI002_K562_4H_J08_PF-04691502_2.5uM up	82e9171b-b0ed-4248-923c-30a32cfbc943	250	[{'approved': False, 'count': 514}]	2af96186-fd71-516b-997c-fb38c82d08f1	7.659189659797673e-15	1.765195976257807e-11	1.784218159281066	127	4H	PF-04691502	DB11974
REP.B011_YAPC_24H_D11_clemizole_0.03uM down	380c4870-b906-4fba-88b8-56a8f891e895	250	[{'approved': False, 'count': 320}]	1965bb35-e547-5104-b928-5ad9c635371f	7.659189659797673e-15	1.765195976257807e-11	1.784218159281066	127	24H	clemizole	DB15932
AICHI001_HBL1_4H_P01_A-443654_10uM down	31624d2b-f49f-4ebf-9fa1-310cf408cc05	250	[{'approved': False, 'count': 568}]	f5896b39-01a0-5518-87ce-217f80f1d294	7.659189659797673e-15	1.765195976257807e-11	1.784218159281066	127	4H	A-443654	DB02910
ERG005_VCAP_48H_K05_estradiol_20uM down	2cd99433-e590-4865-90c0-a0463a98cbbc	250	[{'approved': True, 'count': 1390}]	cca115e8-6583-51cb-a390-f037d15e6036	7.659189659797673e-15	1.765195976257807e-11	1.784218159281066	127	48H	estradiol	DB00783
CEGS001_NPC.170_24H_C15_oxiracetam_30uM down	2ee03c72-07d5-4f0b-8527-e44c7702de4e	250	[{'approved': False, 'count': 84}]	dc16afb6-cd45-59b4-810d-f3292886f4d1	7.659189659797673e-15	1.765195976257807e-11	1.784218159281066	127	24H	oxiracetam	DB13601
REP.A012_A375_24H_M15_alizapride_1.11uM down	b0f444a2-b509-4071-80cb-1a4e861619e6	250	[{'approved': False, 'count': 308}]	8740eda8-07bb-50a0-b35c-f7319904f0a4	7.659189659797673e-15	1.765195976257807e-11	1.784218159281066	127	24H	alizapride	DB01425
FIBR042_MCLF0067SZ_6H_H10_C-646_4uM up	70814e4c-260f-4d36-b77a-ee64f39b2658	250	[{'approved': False, 'count': 546}]	dd2162c0-8caf-57e2-874a-53f0e44b1c1d	7.659189659797673e-15	1.765195976257807e-11	1.784218159281066	127	6H	C-646	DB11312
FIBR011_MCLF015CN_6H_N06_Ro-28-1675_4uM up	37e58979-cc12-4566-9ff0-ad50f7219c24	250	[{'approved': False, 'count': 272}]	ce4af20a-26eb-511d-bb50-fe93676457ec	7.659189659797673e-15	1.765195976257807e-11	1.784218159281066	127	6H	Ro-28-1675	DB15254
FIBR012_MCLF015CN_6H_A21_serdemetan_4uM down	3fd2f55a-5bc9-4d33-8d9a-64726b87c5c9	250	[{'approved': False, 'count': 956}]	a3c3f661-b4b9-50ce-92de-517fd9b5d577	7.659189659797673e-15	1.765195976257807e-11	1.784218159281066	127	6H	serdemetan	DB12027
CRCGN004_PC3_6H_F20_vincristine_10uM up	b70599da-3afb-450a-b787-875b5f003b36	250	[{'approved': True, 'count': 146}]	095d63ff-be33-53ec-bf58-ac8917c65ee4	7.659189659797673e-15	1.765195976257807e-11	1.784218159281066	127	6H	vincristine	DB00541
ASG003_XC.P922_24H_H20_camptothecin_1.11uM down	66e4ab25-954f-4836-97c9-f75f7a41d383	250	[{'approved': False, 'count': 1210}]	bf58e273-28a0-5027-9625-f1d7076b6327	7.659189659797673e-15	1.765195976257807e-11	1.784218159281066	127	24H	camptothecin	DB04690
PBIOA021_HEPG2_24H_I08_linifanib_3.33uM down	b6d2eb08-afb5-4e56-9575-78184c6c8ec1	250	[{'approved': False, 'count': 1064}]	387a0d85-82b7-5758-a684-b4b16f5f6e5d	7.659189659797673e-15	1.765195976257807e-11	1.784218159281066	127	24H	linifanib	DB06080
FIBR011_MCLF015CN_6H_D13_kinetin-riboside_2.22uM up	9904b090-efb8-43fa-8ddb-47452f2b8acf	250	[{'approved': False, 'count': 228}]	36fd7e81-af02-5edc-b693-cd98118e9ddc	7.659189659797673e-15	1.765195976257807e-11	1.784218159281066	127	6H	kinetin-riboside	DB11336
FIBR039_MCLF056CN_6H_G21_linsitinib_4uM up	d9992892-ce90-4a10-9a62-77221100b9a6	250	[{'approved': False, 'count': 1060}]	9e04a2ed-b3ef-549c-91ec-59f900224290	7.659189659797673e-15	1.765195976257807e-11	1.784218159281066	127	6H	linsitinib	DB06075
PBIOA019_HA1E_24H_G16_withaferin-a_10uM down	b197d114-e142-413e-914e-01631089b158	250	[{'approved': False, 'count': 1816}]	e8368eae-8950-5e4a-a397-f3d6ecc4ceda	7.659189659797673e-15	1.765195976257807e-11	1.784218159281066	127	24H	withaferin-a	DB14450
FIBR042_MCLF0067SZ_6H_B11_SB-225002_0.74uM down	0cf046dc-e105-412b-b246-ce7781752094	250	[{'approved': False, 'count': 400}]	ebd87402-4f69-5c84-86bc-6ad374d59064	7.659189659797673e-15	1.765195976257807e-11	1.784218159281066	127	6H	SB-225002	DB04338
FIBR027_MCLF130CN_6H_N02_losartan_4uM down	1cb55161-7094-4acf-8cc3-f0d8a08427e6	250	[{'approved': True, 'count': 654}]	8ac64e55-26b2-570d-84ff-88c41044995b	7.659189659797673e-15	1.765195976257807e-11	1.784218159281066	127	6H	losartan	DB00678
AICHI002_NALM6_24H_H13_MK-2206_10uM up	48065f59-90de-402f-9abb-ce6dbeff515a	250	[{'approved': False, 'count': 2186}]	1612a497-fb0a-5367-ac24-3ece85d8b4e6	7.659189659797673e-15	1.765195976257807e-11	1.784218159281066	127	24H	MK-2206	DB12111
FIBR002_MCLF117SZ_6H_P04_PP-110_4uM up	97ef2e12-cfd0-496c-980f-2ed0d165d25d	250	[{'approved': False, 'count': 272}]	5e7444c9-ef02-5f96-8d32-f16b4bd2f83c	7.659189659797673e-15	1.765195976257807e-11	1.784218159281066	127	6H	PP-110	DB08052
PBIOA018_HA1E_24H_G16_withaferin-a_10uM down	e4e0db38-3aae-4c10-9c85-ee319a02c369	250	[{'approved': False, 'count': 1816}]	266d298a-bd87-5df0-8617-38066d10786c	7.659189659797673e-15	1.765195976257807e-11	1.784218159281066	127	24H	withaferin-a	DB14450
REP.B028_A375_24H_K19_brequinar_2.22uM down	dc6e14c1-d8b1-4208-8e9b-92e904046bc3	250	[{'approved': False, 'count': 348}]	d9ced82a-474e-5ca8-815b-f5cf1d497ed7	7.659189659797673e-15	1.765195976257807e-11	1.784218159281066	127	24H	brequinar	DB03523
AICHI001_HBL1_4H_C08_TAK-715_2.5uM down	ce49ebe4-4962-4a05-8082-5d0eb1c4dc5d	250	[{'approved': False, 'count': 1012}]	4324be47-71c9-5b89-86bb-c14fada17b37	7.659189659797673e-15	1.765195976257807e-11	1.784218159281066	127	4H	TAK-715	DB16108
CPC006_A375_6H_E13_importazole_60uM down	19fdaa19-cd9d-48d9-96a0-8920239a4aa3	250	[{'approved': False, 'count': 386}]	316142a9-19c6-5a8f-b5a9-550eb5e948b4	7.659189659797673e-15	1.765195976257807e-11	1.784218159281066	127	6H	importazole	DB12172
LCP001_MCF10A.KRAS.HG_24H_M19_topotecan_10uM down	f0679fde-1942-4635-89a9-39d2669f5d38	250	[{'approved': True, 'count': 310}]	c94c0334-d880-5b01-bd78-b835bb9b26b7	7.659189659797673e-15	1.765195976257807e-11	1.784218159281066	127	24H	topotecan	DB01030
LCP001_MCF10A.WT_6H_I04_camptothecin_10uM down	f345b199-7254-4882-b22c-0c5604ec9d49	250	[{'approved': False, 'count': 1210}]	cdd408d5-078b-5dfb-9250-25a6f7d1c407	7.659189659797673e-15	1.765195976257807e-11	1.784218159281066	127	6H	camptothecin	DB04690
ASG003_XC.P091_24H_H20_camptothecin_1.11uM down	b19bc2d3-3562-4582-b2a9-f6e61eb2481c	250	[{'approved': False, 'count': 1210}]	133e883e-1c8a-55c7-a357-883fddf999de	7.659189659797673e-15	1.765195976257807e-11	1.784218159281066	127	24H	camptothecin	DB04690
CRCGN004_HA1E_6H_J11_monoethylhexylphthalate_10uM down	f2040938-1be5-442f-86a5-cb78c59df967	250	[{'approved': False, 'count': 58}]	104ae748-246b-599e-b21a-67ddce978739	2.1324590933966007e-14	4.352616215567255e-11	1.770169197396963	126	6H	monoethylhexylphthalate	DB13336
REP.B023_A375_24H_P01_lasalocid_2.22uM up	53a66e26-68b0-46b9-ae2f-21eadfed7b98	250	[{'approved': False, 'count': 394}]	1f9765a5-ea12-506a-b776-c3b6ce8bd6ee	2.1324590933966007e-14	4.352616215567255e-11	1.770169197396963	126	24H	lasalocid	DB11423
LKCP002_MCF7_6H_P19_linifanib_10uM down	e13d0827-5ae8-4976-a979-2a90afbf3432	250	[{'approved': False, 'count': 1064}]	3435958b-af0f-55d3-bc83-6b69834c5e44	2.1324590933966007e-14	4.352616215567255e-11	1.770169197396963	126	6H	linifanib	DB06080
LJP008_JURKAT_24H_I01_I-BET-762_10uM up	f965824b-2a1a-4da3-b63a-23a4c8b504b9	250	[{'approved': False, 'count': 1040}]	a231d47f-d459-5d28-88cb-7804c2fd4f6e	2.1324590933966007e-14	4.352616215567255e-11	1.770169197396963	126	24H	I-BET-762	DB16523
CRCGN004_PC3_6H_C19_dimethylnitrosamine_10uM up	24d109ff-001a-4197-ae24-4cf161aab4c3	250	[{'approved': False, 'count': 46}]	ef370af4-bba1-5d19-8ab5-ca4f0139a926	2.1324590933966007e-14	4.352616215567255e-11	1.770169197396963	126	6H	dimethylnitrosamine	DB01488
LJP008_HELA_24H_I05_I-BET-762_0.12uM up	8c5a2d2e-588f-47f4-a42c-bf08b7c27247	250	[{'approved': False, 'count': 1040}]	b4bf722c-b043-5bae-ae53-65b65c5c37ca	2.1324590933966007e-14	4.352616215567255e-11	1.770169197396963	126	24H	I-BET-762	DB16523
ERAM001_A549_24H_G14_withaferin-a_12.5uM down	646327db-1a38-4493-8399-f728b2913496	250	[{'approved': False, 'count': 1816}]	9155e01c-5f49-51b1-9e62-50670c5bf27d	2.1324590933966007e-14	4.352616215567255e-11	1.770169197396963	126	24H	withaferin-a	DB14450
ASG003_XC.P912_24H_H19_camptothecin_10uM down	f8d9b20c-b216-4bc7-b9cf-a9ee3027b8f7	250	[{'approved': False, 'count': 1210}]	92e2054e-7d72-5492-a532-dc62d4f6718b	2.1324590933966007e-14	4.352616215567255e-11	1.770169197396963	126	24H	camptothecin	DB04690
PAC004_U2OS_6H_I16_deferoxamine-mesylate_3.33uM up	6ad4557c-4b03-441e-a05c-698cfdb5a317	250	[{'approved': True, 'count': 2}]	1e58e25f-eca0-50e7-8b82-e893d45dd7d1	2.1324590933966007e-14	4.352616215567255e-11	1.770169197396963	126	6H	deferoxamine-mesylate	DB00746
CPC006_U937_6H_L23_SN-38_0.37uM down	39b3abcd-effe-4618-b137-823e4a872d6a	250	[{'approved': False, 'count': 518}]	4b2ae6b4-1b47-5ab0-857f-75f56c8fd7a8	2.1324590933966007e-14	4.352616215567255e-11	1.770169197396963	126	6H	SN-38	DB02515
AICHI001_OCILY19_4H_G02_Mps1-IN-1_2.5uM down	e885e47d-564d-4401-96d1-63e67cb27d39	250	[{'approved': False, 'count': 204}]	f895b6f5-0933-56ab-8706-81700d38f836	2.1324590933966007e-14	4.352616215567255e-11	1.770169197396963	126	4H	Mps1-IN-1	DB02880
MOAR009_NCIH2110_24H_L20_ramatroban_3.33uM up	619b9bb1-92a3-42b0-b12f-1831782af98c	250	[{'approved': False, 'count': 372}]	22c9ee33-19e8-509e-981b-660058761104	2.1324590933966007e-14	4.352616215567255e-11	1.770169197396963	126	24H	ramatroban	DB13036
CVD001_HUH7_24H_B07_SA-1973509_2.5uM down	394ab6f6-e1f2-4b07-ab41-4dfcc6181466	250	[{'approved': False, 'count': 56}]	93d96658-8496-5a29-bc9f-96b117efa882	2.1324590933966007e-14	4.352616215567255e-11	1.770169197396963	126	24H	SA-1973509	DB10769
CPC006_PL21_6H_K14_curcumin_12.5uM up	89462624-3858-48fe-80a3-4a615d8a1e43	250	[{'approved': False, 'count': 1224}]	8196b920-cee4-5769-b49a-1eff5d527bf8	2.1324590933966007e-14	4.352616215567255e-11	1.770169197396963	126	6H	curcumin	DB11672
KTOX002_HPTEC_6H_J01_mitomycin_100uM down	494c11cf-a6e5-4e45-81a8-06ac287ec707	250	[{'approved': True, 'count': 24}]	329663c9-8d9b-5835-a728-cd6a2f303ddd	2.1324590933966007e-14	4.352616215567255e-11	1.770169197396963	126	6H	mitomycin	DB00305
LJP009_HEK293_24H_J06_GDC-0879_0.04uM down	53c5624b-15d4-4ff9-bc6c-eb18b5b5d409	250	[{'approved': False, 'count': 608}]	b2d482c5-0f46-5e12-bfbc-30a3fa931cf9	2.1324590933966007e-14	4.352616215567255e-11	1.770169197396963	126	24H	GDC-0879	DB15275
FIBR042_MCLF0067SZ_6H_G17_loxapine_4uM down	91a701c8-cf61-48f6-8ed0-03a839ebb492	250	[{'approved': True, 'count': 158}]	8514a4dc-5a3c-5fe8-b9d0-599395b0755f	2.1324590933966007e-14	4.352616215567255e-11	1.770169197396963	126	6H	loxapine	DB00408
ASG002_PC3_24H_M13_mitomycin-c_10uM down	239b13d0-ca4b-4fed-b571-a6adb0edd82c	250	[{'approved': True, 'count': 920}]	3e1ca9f7-bc02-521b-82c1-90cc9a7dc37e	2.1324590933966007e-14	4.352616215567255e-11	1.770169197396963	126	24H	mitomycin-c	DB00305
REP.B004_HELA_24H_P11_sparfloxacin_0.03uM up	4fab3f06-aabd-4c05-b248-26361dd27120	250	[{'approved': True, 'count': 262}]	3ba2fedf-3f82-5533-839c-2a66223df88d	2.1324590933966007e-14	4.352616215567255e-11	1.770169197396963	126	24H	sparfloxacin	DB01208
AICHI001_THP1_4H_P13_IPI-145_10uM up	e8fcc08a-c1c4-448f-a234-cc89ab35b546	250	[{'approved': True, 'count': 216}]	4ff7b708-7a5e-589e-8804-286385b4b06b	2.1324590933966007e-14	4.352616215567255e-11	1.770169197396963	126	4H	IPI-145	DB05814
ERG005_VCAP_48H_I03_alpha-estradiol_1.11uM up	839059dd-8b92-45d5-b42f-aec3c0009b9c	250	[{'approved': False, 'count': 248}]	ea1dee67-4cbd-5b30-a184-85bad7e4233f	2.1324590933966007e-14	4.352616215567255e-11	1.770169197396963	126	48H	alpha-estradiol	DB00783
FIBR039_MCLF056CN_6H_I18_PI-103_0.2uM up	84b84d66-5d45-400d-be57-98b2feee5db1	250	[{'approved': False, 'count': 1394}]	04af5aa7-db0e-5907-8334-40bba476bb90	2.1324590933966007e-14	4.352616215567255e-11	1.770169197396963	126	6H	PI-103	DB15016
FIBR010_MCLF123SZ_6H_O14_GMX-1778_0.004uM down	6ced9f8d-1965-445b-a000-72f93bf2f586	250	[{'approved': False, 'count': 222}]	a148d355-9a02-5685-913f-c5e0c98fc503	2.1324590933966007e-14	4.352616215567255e-11	1.770169197396963	126	6H	GMX-1778	DB05217
CPC006_SKLU1_6H_L23_SN-38_0.37uM down	2994b4ad-63be-45f4-b9e4-87624eced22f	250	[{'approved': False, 'count': 518}]	427dc577-90e6-50e6-9d13-a1bf148bd30d	2.1324590933966007e-14	4.352616215567255e-11	1.770169197396963	126	6H	SN-38	DB02515
CPC002_HCC515_24H_J12_camptothecin_10uM down	73ecab52-8cee-47e3-bc07-a391330f56cd	250	[{'approved': False, 'count': 1210}]	7c4bda29-71b6-50b2-9a98-148fadb1a558	2.1324590933966007e-14	4.352616215567255e-11	1.770169197396963	126	24H	camptothecin	DB04690
PAC002_U2OS_6H_B19_myricetin_6.66uM up	d8b7b1c5-6332-4aa5-b7bf-4e4a0bec644d	250	[{'approved': False, 'count': 78}]	a439dd54-7488-5174-bee1-c21e9e1109cd	2.1324590933966007e-14	4.352616215567255e-11	1.770169197396963	126	6H	myricetin	DB02375
REP.A004_HELA_3H_N21_maprotiline_1.11uM down	393f195c-81f2-4a3d-aa80-7971fdfacbd9	250	[{'approved': True, 'count': 484}]	a0470e4c-f5ef-532d-81c2-49412414a744	2.1324590933966007e-14	4.352616215567255e-11	1.770169197396963	126	3H	maprotiline	DB00934
PBIOA011_XC.R10_24H_C16_topotecan_10uM down	c8e61520-d4e2-45b0-8112-3dd75daf0b45	250	[{'approved': True, 'count': 310}]	4bd3c2e2-6e5c-5581-aaa4-de3a71dee881	2.1324590933966007e-14	4.352616215567255e-11	1.770169197396963	126	24H	topotecan	DB01030
ASG003_XC.500_24H_H20_camptothecin_1.11uM down	b63fdbc5-3007-4998-a564-41b761fde209	250	[{'approved': False, 'count': 1210}]	db5e8b63-0373-5029-9f0f-0977c3300edb	2.1324590933966007e-14	4.352616215567255e-11	1.770169197396963	126	24H	camptothecin	DB04690
REP.B008_PC3_24H_O13_SN-38_2.22uM down	104e2ae1-2b22-4421-8b98-590708a435f5	250	[{'approved': False, 'count': 518}]	0b9cfe30-34c5-5179-ba51-9301c707bcf5	2.1324590933966007e-14	4.352616215567255e-11	1.770169197396963	126	24H	SN-38	DB02515
PBIOA017_HA1E_24H_G16_withaferin-a_10uM down	a521dafb-cccf-44eb-9c41-619616c2be71	250	[{'approved': False, 'count': 1816}]	f715b402-dee8-5892-a795-92774efd746c	2.1324590933966007e-14	4.352616215567255e-11	1.770169197396963	126	24H	withaferin-a	DB14450
ASG003_XC.P934_24H_H20_camptothecin_1.11uM down	0f53524b-c0a6-415c-b5ce-b28b743e500a	250	[{'approved': False, 'count': 1210}]	8277f162-ce75-5239-bead-57c0850da2de	2.1324590933966007e-14	4.352616215567255e-11	1.770169197396963	126	24H	camptothecin	DB04690
REP.A019_A375_24H_F21_umeclidinium_1.11uM down	e2d0a1f7-4311-4853-9f3d-cf365ed93899	250	[{'approved': False, 'count': 310}]	4f59e111-0d02-5aee-b71b-d09f06330052	2.1324590933966007e-14	4.352616215567255e-11	1.770169197396963	126	24H	umeclidinium	DB09076
PBIOA022_HEPG2_24H_D19_topotecan_10uM down	4d099306-82d4-4f3d-89e0-065d62a87aa4	250	[{'approved': True, 'count': 310}]	55d88208-1c6e-5818-9ffe-a8bf97858596	5.839234960610358e-14	1.0557217255481533e-10	1.7561202355128605	125	24H	topotecan	DB01030
PAC013_U2OS_6H_L16_genistein_20uM down	159ab7e0-65b3-492e-bbe2-60c33a382887	250	[{'approved': False, 'count': 1016}]	1acb21eb-770d-56f9-9461-c747ca6a0f4e	5.839234960610358e-14	1.0557217255481533e-10	1.7561202355128605	125	6H	genistein	DB01645
DOSVAL003_HT29_24H_O04_withaferin-a_20uM down	61a027c0-3001-4de1-aca7-b3d49e7f3a23	250	[{'approved': False, 'count': 1816}]	047b8f66-585d-5c67-b837-0ece371616d2	5.839234960610358e-14	1.0557217255481533e-10	1.7561202355128605	125	24H	withaferin-a	DB14450
PAC068_U2OS_6H_O23_LY-294002_20uM up	67dda2e0-3695-40ba-af18-f82d5098085a	250	[{'approved': False, 'count': 1580}]	e36d78b2-dc7e-5f51-8fe7-09b69995d3d8	5.839234960610358e-14	1.0557217255481533e-10	1.7561202355128605	125	6H	LY-294002	DB02656
PBIOA012_XC.R10_24H_N06_bexarotene_1.11uM down	efcd16dc-41b1-44a9-ad69-4d09a629b135	250	[{'approved': True, 'count': 444}]	b6300572-9207-5aa1-998e-73498894c194	5.839234960610358e-14	1.0557217255481533e-10	1.7561202355128605	125	24H	bexarotene	DB00307
RAD001_MCF7_6H_H16_camptothecin_1.11uM down	cb5ff7bb-581b-4b4b-bf94-206b024fd6f8	250	[{'approved': False, 'count': 1210}]	36de7ff9-9332-5586-8b2c-0a45eec9e52c	5.839234960610358e-14	1.0557217255481533e-10	1.7561202355128605	125	6H	camptothecin	DB04690
ERG005_VCAP_6H_K10_geldanamycin_20uM down	fbeed3d6-e47f-45d7-b53b-5936c1322d57	250	[{'approved': False, 'count': 3068}]	6e4a152f-19ff-51f6-8b57-55028e697fe3	5.839234960610358e-14	1.0557217255481533e-10	1.7561202355128605	125	6H	geldanamycin	DB02424
PBIOA022_HT29_24H_D19_topotecan_10uM down	f03e1b2f-7302-4dca-99bb-cbb297311d26	250	[{'approved': True, 'count': 310}]	9ef3ac73-e8cf-5bc8-8560-53c511d3181e	5.839234960610358e-14	1.0557217255481533e-10	1.7561202355128605	125	24H	topotecan	DB01030
LUNG001_1HAE_24H_B05_topotecan_10uM down	8ce985f0-93ae-4983-8fb3-c87c762e9691	250	[{'approved': True, 'count': 310}]	588e5ada-271b-5c1c-a28b-2dc328c7f1a1	5.839234960610358e-14	1.0557217255481533e-10	1.7561202355128605	125	24H	topotecan	DB01030
AICHI002_K562_24H_A20_TG-101348_2.5uM up	f5ddeb82-b02d-4dc8-a3d0-8fe373079415	250	[{'approved': False, 'count': 1014}]	bddd3e62-ad6d-50d5-9450-fb6c7ef5df50	5.839234960610358e-14	1.0557217255481533e-10	1.7561202355128605	125	24H	TG-101348	DB05899
LKCP001_A549_6H_B07_palomid-529_10uM down	8a3d54a9-c305-41fa-834f-680bdc295b8f	250	[{'approved': False, 'count': 604}]	761d26e3-5ce0-5dbe-a0d8-6b991e3db136	5.839234960610358e-14	1.0557217255481533e-10	1.7561202355128605	125	6H	palomid-529	DB12812
FIBR006_MCLF033SZ_6H_H14_simvastatin_4uM down	d98cfb38-ab8e-4760-938b-9d2cf43f266e	250	[{'approved': True, 'count': 1300}]	967567f5-7f50-5541-a6a6-2eed33277eae	5.839234960610358e-14	1.0557217255481533e-10	1.7561202355128605	125	6H	simvastatin	DB00641
CPC015_NPC_24H_G04_proscillaridin_10uM up	4df250fd-05a0-4bbe-a017-63654ffe1b99	250	[{'approved': False, 'count': 62}]	cdfa544a-76d4-59e1-947d-e2cbbff261c9	5.839234960610358e-14	1.0557217255481533e-10	1.7561202355128605	125	24H	proscillaridin	DB13307
FIBR011_MCLF015CN_6H_F22_lamotrigine_4uM up	728272da-8543-4a90-b21c-98b1ed9f8ee4	250	[{'approved': True, 'count': 550}]	874dff5d-605a-5e28-83ea-d9444ee21db7	5.839234960610358e-14	1.0557217255481533e-10	1.7561202355128605	125	6H	lamotrigine	DB00555
FIBR020_MCLF135CN_6H_A08_importazole_4uM down	d1484218-c556-45d4-8d0a-7f9b18ae2a6d	250	[{'approved': False, 'count': 386}]	dcab3747-4b93-5a03-8dc9-89dd591d8062	5.839234960610358e-14	1.0557217255481533e-10	1.7561202355128605	125	6H	importazole	DB12172
REP.A016_HELA_24H_M07_manumycin-a_10uM down	7fe795ad-c563-4513-91ba-f68a765ddf95	250	[{'approved': False, 'count': 968}]	f4303f87-8427-56a5-89fd-a172575991b3	5.839234960610358e-14	1.0557217255481533e-10	1.7561202355128605	125	24H	manumycin-a	DB14450
CRCGN017_MCF10A.TP53.M_24H_C21_mitoxantrone_1.11uM down	9b862765-f517-49f0-872b-142e0867bd3b	250	[{'approved': True, 'count': 3480}]	4a236924-a0b1-511a-935a-0fedffee4d2d	5.839234960610358e-14	1.0557217255481533e-10	1.7561202355128605	125	24H	mitoxantrone	DB01204
REP.A008_PC3_24H_O15_SN-38_1.11uM down	21265fec-7a9e-4136-9436-56e2d5ef260b	250	[{'approved': False, 'count': 518}]	c31679a9-c826-5ff4-ad25-d31d29bbb700	5.839234960610358e-14	1.0557217255481533e-10	1.7561202355128605	125	24H	SN-38	DB02515
REP.B018_MCF7_24H_F22_semaxanib_0.08uM down	d7579d21-0657-4e35-90ec-947e4ef26297	250	[{'approved': False, 'count': 406}]	198df440-ffac-554c-837e-9b6e8ee81bd4	5.839234960610358e-14	1.0557217255481533e-10	1.7561202355128605	125	24H	semaxanib	DB06436
MUC.CP004_MCF7_6H_I21_camptothecin_10uM down	5250f86d-dc62-452c-9915-7adf0b99f041	250	[{'approved': False, 'count': 1210}]	8023139a-7390-57ee-9568-1a3633af4e96	5.839234960610358e-14	1.0557217255481533e-10	1.7561202355128605	125	6H	camptothecin	DB04690
ASG003_XC.P922_24H_H21_camptothecin_0.12uM down	af1ba5b9-72ab-41f3-ac2d-4b6c03e845fe	250	[{'approved': False, 'count': 1210}]	84dfb4c1-e7e1-5ab8-9c65-ce3a01c1b0d0	5.839234960610358e-14	1.0557217255481533e-10	1.7561202355128605	125	24H	camptothecin	DB04690
ERG005_VCAP_24H_K10_geldanamycin_20uM down	96ac5731-c8d2-49db-959f-c99f33c9d245	250	[{'approved': False, 'count': 3068}]	3d8fceea-28dc-50ed-a804-f540191d17f7	5.839234960610358e-14	1.0557217255481533e-10	1.7561202355128605	125	24H	geldanamycin	DB02424
ASG002_NCIH841_24H_H07_camptothecin_10uM down	d914befe-19e5-469c-8467-9636bf4ee009	250	[{'approved': False, 'count': 1210}]	3e26ff6b-f45f-5792-95aa-f88fb24bada1	5.839234960610358e-14	1.0557217255481533e-10	1.7561202355128605	125	24H	camptothecin	DB04690
FIBR027_MCLF130CN_6H_B23_oligomycin-a_2.22uM up	74917204-0931-481e-9f11-3b1f4b8d294f	250	[{'approved': False, 'count': 396}]	94ebf2db-fb0e-54fd-a865-7f7308fa1726	5.839234960610358e-14	1.0557217255481533e-10	1.7561202355128605	125	6H	oligomycin-a	DB14450
FIBR015_MCLF022CN_6H_A08_importazole_4uM down	0b838193-f090-4711-86b2-5d4cde0a0aea	250	[{'approved': False, 'count': 386}]	28ac7fbc-de70-5ce2-8bee-810df4ad906b	5.839234960610358e-14	1.0557217255481533e-10	1.7561202355128605	125	6H	importazole	DB12172
REP.A008_HA1E_24H_O13_SN-38_10uM down	679799a2-5071-4e3a-9069-227d1d3f9db3	250	[{'approved': False, 'count': 518}]	8d655efc-1bf6-5aba-9e01-45524b7a4c1b	5.839234960610358e-14	1.0557217255481533e-10	1.7561202355128605	125	24H	SN-38	DB02515
FIBR005_MCLF033SZ_6H_F07_dalcetrapib_20uM down	7d3a13bc-2a85-400e-a5ad-529a5f2229df	250	[{'approved': False, 'count': 198}]	6b41a3cd-f153-548b-bf68-9f116a8db0ca	5.839234960610358e-14	1.0557217255481533e-10	1.7561202355128605	125	6H	dalcetrapib	DB12181
CPC006_NCIH1836_6H_E13_importazole_60uM down	e116aeca-4d6f-45e3-9cb1-7b101b07821f	250	[{'approved': False, 'count': 386}]	62c34058-4922-5d20-8945-0ed301292c2a	5.839234960610358e-14	1.0557217255481533e-10	1.7561202355128605	125	6H	importazole	DB12172
FIBR011_MCLF015CN_6H_F04_haloperidol_4uM down	45104203-461d-45e7-8881-67ddfa7130aa	250	[{'approved': True, 'count': 544}]	11de51f3-f3cc-5552-98fc-3965e54d50fa	5.839234960610358e-14	1.0557217255481533e-10	1.7561202355128605	125	6H	haloperidol	DB00502
PAC002_U2OS_6H_A18_gangaleoidin_10uM up	68d12656-5e00-4656-8ec0-3a6fbfe661bb	250	[{'approved': False, 'count': 26}]	eebff61c-ebf5-5824-a424-e6d39be5fe7a	5.839234960610358e-14	1.0557217255481533e-10	1.7561202355128605	125	6H	gangaleoidin	DB07715
CPC006_PC3_24H_J24_pyrvinium-pamoate_10uM down	5059d020-bdc8-46a8-bdba-6f68dd00ae66	250	[{'approved': False, 'count': 244}]	ac34f057-4384-572d-a145-15093620381d	1.5725805154582938e-13	2.510450477391534e-10	1.7420712736287574	124	24H	pyrvinium-pamoate	DB06816
AICHI002_K562_24H_G15_vorinostat_0.66uM down	ef6c3e24-1da4-41c9-9f12-5d1110e08c78	250	[{'approved': True, 'count': 6488}]	a4e9e227-b73d-53bf-9c80-5d98a65e7958	1.5725805154582938e-13	2.510450477391534e-10	1.7420712736287574	124	24H	vorinostat	DB02546
FIBR005_MCLF033SZ_6H_M03_prima-1-met_4uM down	e0f13b6a-31e4-4b4f-9f93-12e6c5c22e8c	250	[{'approved': False, 'count': 320}]	30d47c7f-533d-5c74-bb13-f38278f9e818	1.5725805154582938e-13	2.510450477391534e-10	1.7420712736287574	124	6H	prima-1-met	DB08463
AICHI001_HBL1_4H_M17_AZ-628_0.04uM down	9e674ad5-7889-435b-bb26-eed71fec258e	250	[{'approved': False, 'count': 1618}]	9473859c-cdac-541d-8198-c2b6a9d62eb1	1.5725805154582938e-13	2.510450477391534e-10	1.7420712736287574	124	4H	AZ-628	DB12210
CPC004_MCF7_6H_M05_benazepril_10uM up	385d50c0-89ae-410e-8ec2-d7d735d8f4d6	250	[{'approved': True, 'count': 582}]	56c8b371-a4e2-5808-9d91-85c3d3bc9623	1.5725805154582938e-13	2.510450477391534e-10	1.7420712736287574	124	6H	benazepril	DB00542
CPC006_SNGM_6H_D16_CAY-10594_20uM up	23f5a5bf-fd1b-45c8-9928-dcfc4a7c200d	250	[{'approved': False, 'count': 318}]	8b73888c-b720-50f4-bac8-9c47165dcfb7	1.5725805154582938e-13	2.510450477391534e-10	1.7420712736287574	124	6H	CAY-10594	DB15026
FIBR004_MCLF027CN_6H_H21_sparfosic-acid_4uM down	b2999ebf-f244-4f7a-bda5-1a91dd7888db	250	[{'approved': False, 'count': 200}]	9539cffa-d47a-5733-8f6a-689402953b8c	1.5725805154582938e-13	2.510450477391534e-10	1.7420712736287574	124	6H	sparfosic-acid	DB03459
FIBR039_MCLF056CN_6H_F15_cerulenin_4uM up	d1693e5d-b6b5-49a2-be35-a7e247e1334e	250	[{'approved': False, 'count': 482}]	a86f1c42-dea2-57ad-9ff0-dad36047da2b	1.5725805154582938e-13	2.510450477391534e-10	1.7420712736287574	124	6H	cerulenin	DB01034
CPC006_A375_24H_P20_GANT-58_10uM up	110bd5d2-8c19-49d2-9582-6f23b6774467	250	[{'approved': False, 'count': 320}]	d2fe1a77-c9a4-5e89-a102-523b1d13d74f	1.5725805154582938e-13	2.510450477391534e-10	1.7420712736287574	124	24H	GANT-58	DB10314
PBIOA021_HEPG2_24H_I07_linifanib_10uM down	68821250-89a7-491f-a07e-a62683d87105	250	[{'approved': False, 'count': 1064}]	9058228d-1fd5-5c30-9483-9999cb9ff60e	1.5725805154582938e-13	2.510450477391534e-10	1.7420712736287574	124	24H	linifanib	DB06080
PBIOA022_HA1E_24H_G16_withaferin-a_10uM down	73d9f036-0f00-48f9-b975-099a98c71bfa	250	[{'approved': False, 'count': 1816}]	4025bb87-36b4-5194-a342-87bbae3311d4	1.5725805154582938e-13	2.510450477391534e-10	1.7420712736287574	124	24H	withaferin-a	DB14450
PBIOA022_HT29_24H_D21_topotecan_1.11uM down	b50ccc58-0f89-4158-9b7d-c8ecca41f8c2	250	[{'approved': True, 'count': 310}]	c820b4a8-14bc-55f3-b9e4-dd66cdc1db2a	1.5725805154582938e-13	2.510450477391534e-10	1.7420712736287574	124	24H	topotecan	DB01030
FIBR042_MCLF0067SZ_6H_L03_vemurafenib_4uM up	6e0eaf81-f515-4afa-ae8c-ef8caa7be64c	250	[{'approved': False, 'count': 1862}]	8ff8ecec-1a4d-508f-b1ec-1fe8cae51a96	1.5725805154582938e-13	2.510450477391534e-10	1.7420712736287574	124	6H	vemurafenib	DB08881
CEGS001_NPC.179_24H_H20_topotecan_12.5uM down	7c5a4e8f-7e9d-49d3-8e09-64e44fd276ab	250	[{'approved': True, 'count': 310}]	05a782ef-ca27-55b7-8a17-2bfe4a2425a9	1.5725805154582938e-13	2.510450477391534e-10	1.7420712736287574	124	24H	topotecan	DB01030
REP.B008_PC3_24H_O14_SN-38_0.74uM down	ebf1550b-3cff-47ba-a94d-58ab7f66e4e7	250	[{'approved': False, 'count': 518}]	b4553eaf-8e98-5c1d-9c4b-152a92acf1f5	1.5725805154582938e-13	2.510450477391534e-10	1.7420712736287574	124	24H	SN-38	DB02515
FIBR005_MCLF033SZ_6H_L02_PRIMA1_4uM down	80e2ad23-723c-4f60-a4f5-1c5f448156ef	250	[{'approved': False, 'count': 218}]	44644f0a-6fe3-5a7e-9bfe-391dc17d1bcb	1.5725805154582938e-13	2.510450477391534e-10	1.7420712736287574	124	6H	PRIMA1	DB01087
FIBR019_MCLF135CN_6H_N18_parthenolide_4uM down	a97a020d-5d7a-4f9b-a592-472f076a944f	250	[{'approved': False, 'count': 790}]	3af28208-c8a6-5719-bb53-e1419b82979d	1.5725805154582938e-13	2.510450477391534e-10	1.7420712736287574	124	6H	parthenolide	DB13063
FIBR015_MCLF022CN_6H_G07_fatostatin_4uM down	a06fe925-8c51-40d6-b30e-7dc9be1a6eb1	250	[{'approved': False, 'count': 200}]	048ff922-4f79-59b4-922a-5ce46ea1088e	1.5725805154582938e-13	2.510450477391534e-10	1.7420712736287574	124	6H	fatostatin	DB09099
FIBR021_MCLF037SZ_6H_D14_AZD-7545_4uM down	5e2365c8-ecc3-4c34-bdd6-5a0dabb63d5a	250	[{'approved': False, 'count': 604}]	d7c51cc9-eac5-5249-adbb-b3eac8b5c6fc	1.5725805154582938e-13	2.510450477391534e-10	1.7420712736287574	124	6H	AZD-7545	DB12724
AICHI002_K562_24H_K08_mitoxantrone_2.5uM down	de64cae3-90f0-47ff-b327-5a11d96d7064	250	[{'approved': True, 'count': 3480}]	ebeb6161-8761-59de-aba2-ba77ec1ca31e	1.5725805154582938e-13	2.510450477391534e-10	1.7420712736287574	124	24H	mitoxantrone	DB01204
